{"data": [0.180119, 0.216892, 0.104615, 0.005854, 0.023129, 0.037863, 0.0238, 0.064045, 5.75977, 0.016394, 0.054011, 0.700955, 0.123683, 0.088102, 0.172852, 0.068395, 0.023586, 0.057733, 0.224936, 0.568248, 0.056274, 0.035813, 0.052877, 0.45644, 0.060822, 0.024872, 0.049597, 0.131151, 0.071127, 0.025012, 0.05164, 0.095224, 0.019541, 0.057766, 0.233409, 0.032172, 0.203649, 0.049146, 0.075104, 0.019317, 0.00289, 0.179907, 0.013308, 1.38065, 4.14569, 0.001905, 0.014802, 0.033215, 0.068092, 0.061973, 0.031244, 0.065416, 0.081134, 0.014405, 0.066358, 0.064123, 0.069535, 0.473611, 0.078772, 0.076215, 0.024044, 0.073658, 0.102965, 0.056989, 0.073076, 0.072183, 0.048181, 0.02538, 0.035319, 4.50862, 0.026438, 0.069622], "map": {"intersymbol_analog_estimation_convergence.10.cnf.minisat.log": 0.180119, "mentorbm1p05.10.cnf.minisat.log": 0.216892, "gen12.10.cnf.minisat.log": 0.104615, "intel001.10.cnf.minisat.log": 0.005854, "qspiflash_dualflexpress_divfive-p126.10.cnf.minisat.log": 0.023129, "kenflashp01.10.cnf.minisat.log": 0.037863, "qspiflash_dualflexpress_divthree-p034.10.cnf.minisat.log": 0.0238, "qspiflash_dualflexpress_divfive-p009.10.cnf.minisat.log": 0.064045, "eijkbs4863.10.cnf.minisat.log": 5.75977, "qspiflash_qflexpress_divfive-p063.10.cnf.minisat.log": 0.016394, "bj08amba2g3f3.10.cnf.minisat.log": 0.054011, "mentorbm1p02.10.cnf.minisat.log": 0.700955, "texaspimainp12.10.cnf.minisat.log": 0.123683, "beembrptwo3b2.10.cnf.minisat.log": 0.088102, "6s43.10.cnf.minisat.log": 0.172852, "oc8051gm0caddr.10.cnf.minisat.log": 0.068395, "qspiflash_qflexpress_divfive-p137.10.cnf.minisat.log": 0.023586, "qspiflash_qflexpress_divfive-p121.10.cnf.minisat.log": 0.057733, "6s209b0.10.cnf.minisat.log": 0.224936, "mentorbm1p07.10.cnf.minisat.log": 0.568248, "qspiflash_qflexpress_divfive-p100.10.cnf.minisat.log": 0.056274, "pdtvisvending07.10.cnf.minisat.log": 0.035813, "elevator.4.prop1-func-interl.10.cnf.minisat.log": 0.052877, "picorv32-check-p12.10.cnf.minisat.log": 0.45644, "qspiflash_dualflexpress_divthree-p094.10.cnf.minisat.log": 0.060822, "qspiflash_dualflexpress_divfive-p116.10.cnf.minisat.log": 0.024872, "h_TreeArb.10.cnf.minisat.log": 0.049597, "pdtviscoherence4.10.cnf.minisat.log": 0.131151, "oc8051gm2daddr.10.cnf.minisat.log": 0.071127, "qspiflash_dualflexpress_divthree-p134.10.cnf.minisat.log": 0.025012, "pdtvisvending00.10.cnf.minisat.log": 0.05164, "eijks832.10.cnf.minisat.log": 0.095224, "qspiflash_qflexpress_divfive-p107.10.cnf.minisat.log": 0.019541, "eijks953.10.cnf.minisat.log": 0.057766, "6s325rb072.10.cnf.minisat.log": 0.233409, "vis_arrays_am2910_p3.10.cnf.minisat.log": 0.032172, "pdtvissoap2.10.cnf.minisat.log": 0.203649, "bobtuint08neg.10.cnf.minisat.log": 0.049146, "pdtswvtma6x4p1.10.cnf.minisat.log": 0.075104, "boblivea.10.cnf.minisat.log": 0.019317, "bob2.10.cnf.minisat.log": 0.00289, "6s317b14.10.cnf.minisat.log": 0.179907, "cmuperiodic.10.cnf.minisat.log": 0.013308, "pj2018.10.cnf.minisat.log": 1.38065, "6s173.10.cnf.minisat.log": 4.14569, "bobcount.10.cnf.minisat.log": 0.001905, "boblivear.10.cnf.minisat.log": 0.014802, "bobtuint17neg.10.cnf.minisat.log": 0.033215, "oc8051gmc5addr.10.cnf.minisat.log": 0.068092, "qspiflash_qflexpress_divfive-p067.10.cnf.minisat.log": 0.061973, "bobtuint26neg.10.cnf.minisat.log": 0.031244, "pdtvisgigamax4.10.cnf.minisat.log": 0.065416, "eijks820.10.cnf.minisat.log": 0.081134, "vis_arrays_am2910_p2.10.cnf.minisat.log": 0.014405, "oc8051gm68addr.10.cnf.minisat.log": 0.066358, "qspiflash_dualflexpress_divthree-p075.10.cnf.minisat.log": 0.064123, "oc8051gmb8addr.10.cnf.minisat.log": 0.069535, "cal41.10.cnf.minisat.log": 0.473611, "pdtvisgigamax3.10.cnf.minisat.log": 0.078772, "oc8051gm36addr.10.cnf.minisat.log": 0.076215, "qspiflash_dualflexpress_divthree-p153.10.cnf.minisat.log": 0.024044, "oc8051gmcadata.10.cnf.minisat.log": 0.073658, "gen14.10.cnf.minisat.log": 0.102965, "qspiflash_dualflexpress_divfive-p120.10.cnf.minisat.log": 0.056989, "oc8051gm58addr.10.cnf.minisat.log": 0.073076, "oc8051gmfbaddr.10.cnf.minisat.log": 0.072183, "bobtuint16neg.10.cnf.minisat.log": 0.048181, "qspiflash_dualflexpress_divthree-p068.10.cnf.minisat.log": 0.02538, "vgasim_imgfifo-p093.10.cnf.minisat.log": 0.035319, "cal4.10.cnf.minisat.log": 4.50862, "eijks510.10.cnf.minisat.log": 0.026438, "oc8051gm1edata.10.cnf.minisat.log": 0.069622}, "par2": 137.2925432191781, "mem": {}}