{"data": [1.84829, 0.225979, 0.067838, 0.692811, 0.293525, 0.825422, 0.061697, 1.49691, 0.774793, 0.046209, 0.122871, 0.021398, 0.220774, 0.058009, 0.497561, 0.755432, 0.003225, 0.811174, 0.006296, 0.400911, 0.108974, 0.313337, 0.179682, 0.357695, 0.125334, 0.204585, 0.002615, 0.667025, 1.3187, 0.904462, 0.380788, 0.013099, 0.126015, 29.7309, 0.006506, 0.351283, 56.159, 0.078358, 0.181957, 0.31132, 0.357237, 0.001023, 1.56845, 0.666872, 0.377114, 0.381883, 1.09154, 0.333476, 2.57541, 1.92069, 1.09669, 0.359814, 0.635863, 0.134181, 1.15486, 0.18207, 1.10017, 0.019078, 0.009354, 0.132025, 3.38711, 0.51988, 0.176107, 1.74564, 0.106606, 1.05207, 0.18533, 0.008162, 0.383954, 0.172469, 0.056368, 1.08778, 0.660105, 1.04768, 0.484171, 0.268584, 0.10171, 1.60142, 0.097308, 0.341138, 0.01285, 235.932, 1.06861, 0.802143, 0.438877, 0.661657, 1.22946, 0.133447, 0.005832, 0.340795, 1.38, 0.157582, 0.703313, 0.786212, 1.10319, 0.14501, 0.629081, 2.1756, 0.013102, 0.17349, 0.418857, 0.696431, 0.326177, 3.93115, 0.082627, 0.124613, 0.145261, 0.013182, 0.668325, 0.011316, 1.09746, 1.4364], "map": {"zipcpu-zipmmu-p31.80.cnf.minisat.log": 1.84829, "neclaftp4001.80.cnf.minisat.log": 0.225979, "kenflashp13.80.cnf.minisat.log": 0.067838, "beemcycschd3b1.80.cnf.minisat.log": 0.692811, "pdtvsar8multip23.80.cnf.minisat.log": 0.293525, "zipversa_composecrc_prf-p17.80.cnf.minisat.log": 0.825422, "bjrb07amba1andenv.80.cnf.minisat.log": 0.061697, "vgasim_imgfifo-p066.80.cnf.minisat.log": 1.49691, "qspiflash_dualflexpress_divthree-p158.80.cnf.minisat.log": 0.774793, "bob9234specand.80.cnf.minisat.log": 0.046209, "pdtvsarmultip08.80.cnf.minisat.log": 0.122871, "bj08aut82.80.cnf.minisat.log": 0.021398, "139442p0.80.cnf.minisat.log": 0.220774, "bj08amba2g1.80.cnf.minisat.log": 0.058009, "pdtvsarmultip29.80.cnf.minisat.log": 0.497561, "qspiflash_dualflexpress_divfive-p128.80.cnf.minisat.log": 0.755432, "vcegar_QF_BV_itc99_b13_p10.80.cnf.minisat.log": 0.003225, "qspiflash_qflexpress_divfive-p036.80.cnf.minisat.log": 0.811174, "shift1add2048.80.cnf.minisat.log": 0.006296, "6s164.80.cnf.minisat.log": 0.400911, "kenflashp07.80.cnf.minisat.log": 0.108974, "pdtvsar8multip16.80.cnf.minisat.log": 0.313337, "pdtvisblackjack0.80.cnf.minisat.log": 0.179682, "qspiflash_qflexpress_divfive-p017.80.cnf.minisat.log": 0.357695, "bobtuintand.80.cnf.minisat.log": 0.125334, "pdtvisminmax0.80.cnf.minisat.log": 0.204585, "neclaftp5001.80.cnf.minisat.log": 0.002615, "6s515rb1.80.cnf.minisat.log": 0.667025, "vgasim_imgfifo-p105.80.cnf.minisat.log": 1.3187, "marlann_compute_cp_pass-p2.80.cnf.minisat.log": 0.904462, "pdtvisvsa16a16.80.cnf.minisat.log": 0.380788, "power2sum128.80.cnf.minisat.log": 0.013099, "pdtvisvsar22.80.cnf.minisat.log": 0.126015, "cal37.80.cnf.minisat.log": 29.7309, "shift1add256.80.cnf.minisat.log": 0.006506, "pdtpmsrotate32.80.cnf.minisat.log": 0.351283, "6s421rb083.80.cnf.minisat.log": 56.159, "eijks349.80.cnf.minisat.log": 0.078358, "beemlup1b1.80.cnf.minisat.log": 0.181957, "pdtvsar8multip13.80.cnf.minisat.log": 0.31132, "nusmvreactorp5.80.cnf.minisat.log": 0.357237, "pdtvisgray0.80.cnf.minisat.log": 0.001023, "marlann_compute_cp_fail2-p0.80.cnf.minisat.log": 1.56845, "qspiflash_qflexpress_divfive-p048.80.cnf.minisat.log": 0.666872, "eijks1196.80.cnf.minisat.log": 0.377114, "139452p0.80.cnf.minisat.log": 0.381883, "qspiflash_dualflexpress_divfive-p164.80.cnf.minisat.log": 1.09154, "139443p0.80.cnf.minisat.log": 0.333476, "pdtswvtms12x8p1.80.cnf.minisat.log": 2.57541, "kenflashp09.80.cnf.minisat.log": 1.92069, "gen10.80.cnf.minisat.log": 1.09669, "pdtpmsblackjack.80.cnf.minisat.log": 0.359814, "viselevatorp3.80.cnf.minisat.log": 0.635863, "bobmiterbm1and.80.cnf.minisat.log": 0.134181, "visprodcellp01.80.cnf.minisat.log": 1.15486, "pdtvisblackjack2.80.cnf.minisat.log": 0.18207, "nusmvtcasp2.80.cnf.minisat.log": 1.10017, "nusmvsyncarb10p2.80.cnf.minisat.log": 0.019078, "shift1add262144.80.cnf.minisat.log": 0.009354, "bobtuintorneg.80.cnf.minisat.log": 0.132025, "vgasim_imgfifo-p082.80.cnf.minisat.log": 3.38711, "zipcpu-busdelay-p43.80.cnf.minisat.log": 0.51988, "zipversa_composecrc_prf-p00.80.cnf.minisat.log": 0.176107, "nusmvguidancep6.80.cnf.minisat.log": 1.74564, "kenflashp08.80.cnf.minisat.log": 0.106606, "nusmvtcastp3.80.cnf.minisat.log": 1.05207, "pdtvisminmaxr1.80.cnf.minisat.log": 0.18533, "paper_v3.80.cnf.minisat.log": 0.008162, "pdtvisvsa16a10.80.cnf.minisat.log": 0.383954, "pdtpmsusbphy.80.cnf.minisat.log": 0.172469, "pdtvishuffman1.80.cnf.minisat.log": 0.056368, "nusmvtcasp3.80.cnf.minisat.log": 1.08778, "qspiflash_dualflexpress_divthree-p143.80.cnf.minisat.log": 0.660105, "qspiflash_qflexpress_divfive-p064.80.cnf.minisat.log": 1.04768, "pdtvisretherrtf1.80.cnf.minisat.log": 0.484171, "6s159.80.cnf.minisat.log": 0.268584, "kenflashp04.80.cnf.minisat.log": 0.10171, "zipcpu-zipmmu-p39.80.cnf.minisat.log": 1.60142, "eijks344.80.cnf.minisat.log": 0.097308, "kenflashp10.80.cnf.minisat.log": 0.341138, "pdtpmsarbiter.80.cnf.minisat.log": 0.01285, "pdtpmsam2901.80.cnf.minisat.log": 235.932, "pdtvisns2p3.80.cnf.minisat.log": 1.06861, "zipversa_composecrc_prf-p07.80.cnf.minisat.log": 0.802143, "eijks1238.80.cnf.minisat.log": 0.438877, "qspiflash_dualflexpress_divfive-p143.80.cnf.minisat.log": 0.661657, "zipcpu-busdelay-p15.80.cnf.minisat.log": 1.22946, "pdtvsarmultip13.80.cnf.minisat.log": 0.133447, "nusmvsyncarb5p2.80.cnf.minisat.log": 0.005832, "neclaftp4002.80.cnf.minisat.log": 0.340795, "kenflashp03.80.cnf.minisat.log": 1.38, "miim.80.cnf.minisat.log": 0.157582, "beemelev1f1.80.cnf.minisat.log": 0.703313, "6s4.80.cnf.minisat.log": 0.786212, "qspiflash_dualflexpress_divthree-p046.80.cnf.minisat.log": 1.10319, "neclatcas1a001.80.cnf.minisat.log": 0.14501, "qspiflash_dualflexpress_divfive-p022.80.cnf.minisat.log": 0.629081, "eijks713.80.cnf.minisat.log": 2.1756, "power2sum256.80.cnf.minisat.log": 0.013102, "pdtvisblackjack1.80.cnf.minisat.log": 0.17349, "6s372rb26.80.cnf.minisat.log": 0.418857, "marlann_compute_cp_fail1-p2.80.cnf.minisat.log": 0.696431, "zipversa_composecrc_prf-p11.80.cnf.minisat.log": 0.326177, "nusmvguidancep8.80.cnf.minisat.log": 3.93115, "nusmvreactorp1.80.cnf.minisat.log": 0.082627, "pdtvsarmultip30.80.cnf.minisat.log": 0.124613, "pdtpmstwo.80.cnf.minisat.log": 0.145261, "power2sum32.80.cnf.minisat.log": 0.013182, "nusmvreactorp6.80.cnf.minisat.log": 0.668325, "power2eq65536.80.cnf.minisat.log": 0.011316, "pdtvisvsa16a27.80.cnf.minisat.log": 1.09746, "gen39.80.cnf.minisat.log": 1.4364}, "par2": 264.2189408869566, "mem": {}}