{"data": [1.82128, 0.236427, 0.071088, 0.842485, 0.222538, 0.799061, 0.060337, 1.49797, 0.568234, 0.053495, 0.085973, 0.020865, 0.224241, 0.057476, 0.379729, 0.520358, 0.0047, 0.682537, 0.003496, 0.435231, 0.105078, 0.219249, 0.187606, 0.271428, 0.141367, 0.197164, 0.004112, 0.679675, 1.40428, 0.631192, 0.280456, 0.004823, 0.090745, 30.5956, 0.002661, 0.342305, 74.0783, 0.080598, 0.17602, 0.202538, 0.429751, 0.002179, 1.42394, 0.502655, 0.384087, 0.365488, 0.957851, 0.340606, 2.60123, 1.80154, 1.02263, 0.376359, 0.620368, 0.136388, 1.23884, 0.194054, 1.04606, 0.015805, 0.003295, 0.129341, 4.67411, 0.434221, 0.178926, 1.73245, 0.095933, 0.969768, 0.21769, 0.006873, 0.270896, 0.157593, 0.053564, 1.01015, 0.531097, 0.734251, 0.399759, 0.248932, 0.10753, 1.65935, 0.085987, 0.33111, 0.012946, 241.579, 1.14308, 0.927541, 0.444558, 0.557737, 0.893843, 0.094035, 0.006898, 0.364591, 1.41948, 0.152013, 0.809581, 0.793819, 0.872449, 0.139382, 0.512838, 2.14188, 0.009661, 0.187821, 0.464804, 0.653122, 0.336262, 4.14585, 0.08092, 0.075376, 0.132237, 0.006082, 0.737949, 0.006246, 0.943754, 1.43168], "map": {"zipcpu-zipmmu-p31.80.cnf.minisat.log": 1.82128, "neclaftp4001.80.cnf.minisat.log": 0.236427, "kenflashp13.80.cnf.minisat.log": 0.071088, "beemcycschd3b1.80.cnf.minisat.log": 0.842485, "pdtvsar8multip23.80.cnf.minisat.log": 0.222538, "zipversa_composecrc_prf-p17.80.cnf.minisat.log": 0.799061, "bjrb07amba1andenv.80.cnf.minisat.log": 0.060337, "vgasim_imgfifo-p066.80.cnf.minisat.log": 1.49797, "qspiflash_dualflexpress_divthree-p158.80.cnf.minisat.log": 0.568234, "bob9234specand.80.cnf.minisat.log": 0.053495, "pdtvsarmultip08.80.cnf.minisat.log": 0.085973, "bj08aut82.80.cnf.minisat.log": 0.020865, "139442p0.80.cnf.minisat.log": 0.224241, "bj08amba2g1.80.cnf.minisat.log": 0.057476, "pdtvsarmultip29.80.cnf.minisat.log": 0.379729, "qspiflash_dualflexpress_divfive-p128.80.cnf.minisat.log": 0.520358, "vcegar_QF_BV_itc99_b13_p10.80.cnf.minisat.log": 0.0047, "qspiflash_qflexpress_divfive-p036.80.cnf.minisat.log": 0.682537, "shift1add2048.80.cnf.minisat.log": 0.003496, "6s164.80.cnf.minisat.log": 0.435231, "kenflashp07.80.cnf.minisat.log": 0.105078, "pdtvsar8multip16.80.cnf.minisat.log": 0.219249, "pdtvisblackjack0.80.cnf.minisat.log": 0.187606, "qspiflash_qflexpress_divfive-p017.80.cnf.minisat.log": 0.271428, "bobtuintand.80.cnf.minisat.log": 0.141367, "pdtvisminmax0.80.cnf.minisat.log": 0.197164, "neclaftp5001.80.cnf.minisat.log": 0.004112, "6s515rb1.80.cnf.minisat.log": 0.679675, "vgasim_imgfifo-p105.80.cnf.minisat.log": 1.40428, "marlann_compute_cp_pass-p2.80.cnf.minisat.log": 0.631192, "pdtvisvsa16a16.80.cnf.minisat.log": 0.280456, "power2sum128.80.cnf.minisat.log": 0.004823, "pdtvisvsar22.80.cnf.minisat.log": 0.090745, "cal37.80.cnf.minisat.log": 30.5956, "shift1add256.80.cnf.minisat.log": 0.002661, "pdtpmsrotate32.80.cnf.minisat.log": 0.342305, "6s421rb083.80.cnf.minisat.log": 74.0783, "eijks349.80.cnf.minisat.log": 0.080598, "beemlup1b1.80.cnf.minisat.log": 0.17602, "pdtvsar8multip13.80.cnf.minisat.log": 0.202538, "nusmvreactorp5.80.cnf.minisat.log": 0.429751, "pdtvisgray0.80.cnf.minisat.log": 0.002179, "marlann_compute_cp_fail2-p0.80.cnf.minisat.log": 1.42394, "qspiflash_qflexpress_divfive-p048.80.cnf.minisat.log": 0.502655, "eijks1196.80.cnf.minisat.log": 0.384087, "139452p0.80.cnf.minisat.log": 0.365488, "qspiflash_dualflexpress_divfive-p164.80.cnf.minisat.log": 0.957851, "139443p0.80.cnf.minisat.log": 0.340606, "pdtswvtms12x8p1.80.cnf.minisat.log": 2.60123, "kenflashp09.80.cnf.minisat.log": 1.80154, "gen10.80.cnf.minisat.log": 1.02263, "pdtpmsblackjack.80.cnf.minisat.log": 0.376359, "viselevatorp3.80.cnf.minisat.log": 0.620368, "bobmiterbm1and.80.cnf.minisat.log": 0.136388, "visprodcellp01.80.cnf.minisat.log": 1.23884, "pdtvisblackjack2.80.cnf.minisat.log": 0.194054, "nusmvtcasp2.80.cnf.minisat.log": 1.04606, "nusmvsyncarb10p2.80.cnf.minisat.log": 0.015805, "shift1add262144.80.cnf.minisat.log": 0.003295, "bobtuintorneg.80.cnf.minisat.log": 0.129341, "vgasim_imgfifo-p082.80.cnf.minisat.log": 4.67411, "zipcpu-busdelay-p43.80.cnf.minisat.log": 0.434221, "zipversa_composecrc_prf-p00.80.cnf.minisat.log": 0.178926, "nusmvguidancep6.80.cnf.minisat.log": 1.73245, "kenflashp08.80.cnf.minisat.log": 0.095933, "nusmvtcastp3.80.cnf.minisat.log": 0.969768, "pdtvisminmaxr1.80.cnf.minisat.log": 0.21769, "paper_v3.80.cnf.minisat.log": 0.006873, "pdtvisvsa16a10.80.cnf.minisat.log": 0.270896, "pdtpmsusbphy.80.cnf.minisat.log": 0.157593, "pdtvishuffman1.80.cnf.minisat.log": 0.053564, "nusmvtcasp3.80.cnf.minisat.log": 1.01015, "qspiflash_dualflexpress_divthree-p143.80.cnf.minisat.log": 0.531097, "qspiflash_qflexpress_divfive-p064.80.cnf.minisat.log": 0.734251, "pdtvisretherrtf1.80.cnf.minisat.log": 0.399759, "6s159.80.cnf.minisat.log": 0.248932, "kenflashp04.80.cnf.minisat.log": 0.10753, "zipcpu-zipmmu-p39.80.cnf.minisat.log": 1.65935, "eijks344.80.cnf.minisat.log": 0.085987, "kenflashp10.80.cnf.minisat.log": 0.33111, "pdtpmsarbiter.80.cnf.minisat.log": 0.012946, "pdtpmsam2901.80.cnf.minisat.log": 241.579, "pdtvisns2p3.80.cnf.minisat.log": 1.14308, "zipversa_composecrc_prf-p07.80.cnf.minisat.log": 0.927541, "eijks1238.80.cnf.minisat.log": 0.444558, "qspiflash_dualflexpress_divfive-p143.80.cnf.minisat.log": 0.557737, "zipcpu-busdelay-p15.80.cnf.minisat.log": 0.893843, "pdtvsarmultip13.80.cnf.minisat.log": 0.094035, "nusmvsyncarb5p2.80.cnf.minisat.log": 0.006898, "neclaftp4002.80.cnf.minisat.log": 0.364591, "kenflashp03.80.cnf.minisat.log": 1.41948, "miim.80.cnf.minisat.log": 0.152013, "beemelev1f1.80.cnf.minisat.log": 0.809581, "6s4.80.cnf.minisat.log": 0.793819, "qspiflash_dualflexpress_divthree-p046.80.cnf.minisat.log": 0.872449, "neclatcas1a001.80.cnf.minisat.log": 0.139382, "qspiflash_dualflexpress_divfive-p022.80.cnf.minisat.log": 0.512838, "eijks713.80.cnf.minisat.log": 2.14188, "power2sum256.80.cnf.minisat.log": 0.009661, "pdtvisblackjack1.80.cnf.minisat.log": 0.187821, "6s372rb26.80.cnf.minisat.log": 0.464804, "marlann_compute_cp_fail1-p2.80.cnf.minisat.log": 0.653122, "zipversa_composecrc_prf-p11.80.cnf.minisat.log": 0.336262, "nusmvguidancep8.80.cnf.minisat.log": 4.14585, "nusmvreactorp1.80.cnf.minisat.log": 0.08092, "pdtvsarmultip30.80.cnf.minisat.log": 0.075376, "pdtpmstwo.80.cnf.minisat.log": 0.132237, "power2sum32.80.cnf.minisat.log": 0.006082, "nusmvreactorp6.80.cnf.minisat.log": 0.737949, "power2eq65536.80.cnf.minisat.log": 0.006246, "pdtvisvsa16a27.80.cnf.minisat.log": 0.943754, "gen39.80.cnf.minisat.log": 1.43168}, "par2": 264.4161113913044, "mem": {}}