{"data": [0.105252, 0.974112, 0.399757, 0.767209, 0.749034, 1.51051, 5.93824, 1.05074, 0.735907, 105.088, 11.8856, 0.250786, 0.082957, 0.879103, 4.96123, 1.49825, 1.0937, 676.687, 1.004, 5.93267, 0.811438, 27.8624, 1.67292, 0.141664, 0.410253, 2.00021, 2.97042, 0.708286, 0.800812, 31.3138, 15.1106, 664.431, 5.26811, 2.26031, 0.863665, 0.923548, 0.040029, 1.75963, 6.45981, 11.9849, 0.942622, 1.15437, 0.756913, 2.49409, 6.08774, 1.69392, 2.43784, 0.934002, 1.52517, 2.54965, 1692.64, 0.124026, 13.7182], "map": {"cmuperiodic.80.cnf.minisat.log": 0.105252, "qspiflash_dualflexpress_divthree-p068.80.cnf.minisat.log": 0.974112, "vis_arrays_am2910_p3.80.cnf.minisat.log": 0.399757, "qspiflash_dualflexpress_divthree-p153.80.cnf.minisat.log": 0.767209, "bobtuint17neg.80.cnf.minisat.log": 0.749034, "vgasim_imgfifo-p093.80.cnf.minisat.log": 1.51051, "eijks820.80.cnf.minisat.log": 5.93824, "gen12.80.cnf.minisat.log": 1.05074, "bobtuint26neg.80.cnf.minisat.log": 0.735907, "6s317b14.80.cnf.minisat.log": 105.088, "boblivea.80.cnf.minisat.log": 11.8856, "6s43.80.cnf.minisat.log": 0.250786, "bobcount.80.cnf.minisat.log": 0.082957, "qspiflash_dualflexpress_divfive-p120.80.cnf.minisat.log": 0.879103, "eijks510.80.cnf.minisat.log": 4.96123, "pdtswvtma6x4p1.80.cnf.minisat.log": 1.49825, "qspiflash_qflexpress_divfive-p067.80.cnf.minisat.log": 1.0937, "intersymbol_analog_estimation_convergence.80.cnf.minisat.log": 676.687, "qspiflash_dualflexpress_divthree-p075.80.cnf.minisat.log": 1.004, "boblivear.80.cnf.minisat.log": 5.93267, "bobtuint16neg.80.cnf.minisat.log": 0.811438, "beembrptwo3b2.80.cnf.minisat.log": 27.8624, "qspiflash_dualflexpress_divfive-p126.80.cnf.minisat.log": 1.67292, "bob2.80.cnf.minisat.log": 0.141664, "kenflashp01.80.cnf.minisat.log": 0.410253, "pdtvisgigamax3.80.cnf.minisat.log": 2.00021, "qspiflash_qflexpress_divfive-p121.80.cnf.minisat.log": 2.97042, "qspiflash_qflexpress_divfive-p100.80.cnf.minisat.log": 0.708286, "qspiflash_dualflexpress_divfive-p009.80.cnf.minisat.log": 0.800812, "h_TreeArb.80.cnf.minisat.log": 31.3138, "bj08amba2g3f3.80.cnf.minisat.log": 15.1106, "eijkbs4863.80.cnf.minisat.log": 664.431, "cal41.80.cnf.minisat.log": 5.26811, "pdtvisgigamax4.80.cnf.minisat.log": 2.26031, "qspiflash_dualflexpress_divthree-p094.80.cnf.minisat.log": 0.863665, "qspiflash_qflexpress_divfive-p107.80.cnf.minisat.log": 0.923548, "intel001.80.cnf.minisat.log": 0.040029, "qspiflash_dualflexpress_divthree-p134.80.cnf.minisat.log": 1.75963, "eijks953.80.cnf.minisat.log": 6.45981, "pdtviscoherence4.80.cnf.minisat.log": 11.9849, "bobtuint08neg.80.cnf.minisat.log": 0.942622, "pdtvisvending07.80.cnf.minisat.log": 1.15437, "qspiflash_qflexpress_divfive-p063.80.cnf.minisat.log": 0.756913, "elevator.4.prop1-func-interl.80.cnf.minisat.log": 2.49409, "eijks832.80.cnf.minisat.log": 6.08774, "qspiflash_dualflexpress_divfive-p116.80.cnf.minisat.log": 1.69392, "pdtvisvending00.80.cnf.minisat.log": 2.43784, "gen14.80.cnf.minisat.log": 0.934002, "qspiflash_qflexpress_divfive-p137.80.cnf.minisat.log": 1.52517, "qspiflash_dualflexpress_divthree-p034.80.cnf.minisat.log": 2.54965, "pdtvissoap2.80.cnf.minisat.log": 1692.64, "vis_arrays_am2910_p2.80.cnf.minisat.log": 0.124026, "cal4.80.cnf.minisat.log": 13.7182}, "par2": 246.78604453703707, "mem": {}}