{"data": [0.113655, 0.904364, 0.356856, 0.778446, 0.8112, 1.5728, 4.9743, 1.06665, 0.821914, 75.3494, 14.4968, 0.255236, 0.086258, 0.867581, 5.49051, 1.59367, 1.13409, 683.054, 0.967913, 6.16033, 0.853605, 24.0359, 1.68717, 0.141195, 0.399954, 2.23174, 2.862, 0.701817, 0.789675, 27.6438, 13.0867, 671.739, 4.82493, 2.11263, 0.919478, 0.878345, 0.037417, 1.8909, 5.43298, 13.4368, 0.892711, 1.16909, 0.787727, 2.30079, 7.48212, 1.65248, 2.35832, 1.02513, 1.30851, 2.74833, 1845.42, 0.128397, 13.9248], "map": {"cmuperiodic.80.cnf.minisat.log": 0.113655, "qspiflash_dualflexpress_divthree-p068.80.cnf.minisat.log": 0.904364, "vis_arrays_am2910_p3.80.cnf.minisat.log": 0.356856, "qspiflash_dualflexpress_divthree-p153.80.cnf.minisat.log": 0.778446, "bobtuint17neg.80.cnf.minisat.log": 0.8112, "vgasim_imgfifo-p093.80.cnf.minisat.log": 1.5728, "eijks820.80.cnf.minisat.log": 4.9743, "gen12.80.cnf.minisat.log": 1.06665, "bobtuint26neg.80.cnf.minisat.log": 0.821914, "6s317b14.80.cnf.minisat.log": 75.3494, "boblivea.80.cnf.minisat.log": 14.4968, "6s43.80.cnf.minisat.log": 0.255236, "bobcount.80.cnf.minisat.log": 0.086258, "qspiflash_dualflexpress_divfive-p120.80.cnf.minisat.log": 0.867581, "eijks510.80.cnf.minisat.log": 5.49051, "pdtswvtma6x4p1.80.cnf.minisat.log": 1.59367, "qspiflash_qflexpress_divfive-p067.80.cnf.minisat.log": 1.13409, "intersymbol_analog_estimation_convergence.80.cnf.minisat.log": 683.054, "qspiflash_dualflexpress_divthree-p075.80.cnf.minisat.log": 0.967913, "boblivear.80.cnf.minisat.log": 6.16033, "bobtuint16neg.80.cnf.minisat.log": 0.853605, "beembrptwo3b2.80.cnf.minisat.log": 24.0359, "qspiflash_dualflexpress_divfive-p126.80.cnf.minisat.log": 1.68717, "bob2.80.cnf.minisat.log": 0.141195, "kenflashp01.80.cnf.minisat.log": 0.399954, "pdtvisgigamax3.80.cnf.minisat.log": 2.23174, "qspiflash_qflexpress_divfive-p121.80.cnf.minisat.log": 2.862, "qspiflash_qflexpress_divfive-p100.80.cnf.minisat.log": 0.701817, "qspiflash_dualflexpress_divfive-p009.80.cnf.minisat.log": 0.789675, "h_TreeArb.80.cnf.minisat.log": 27.6438, "bj08amba2g3f3.80.cnf.minisat.log": 13.0867, "eijkbs4863.80.cnf.minisat.log": 671.739, "cal41.80.cnf.minisat.log": 4.82493, "pdtvisgigamax4.80.cnf.minisat.log": 2.11263, "qspiflash_dualflexpress_divthree-p094.80.cnf.minisat.log": 0.919478, "qspiflash_qflexpress_divfive-p107.80.cnf.minisat.log": 0.878345, "intel001.80.cnf.minisat.log": 0.037417, "qspiflash_dualflexpress_divthree-p134.80.cnf.minisat.log": 1.8909, "eijks953.80.cnf.minisat.log": 5.43298, "pdtviscoherence4.80.cnf.minisat.log": 13.4368, "bobtuint08neg.80.cnf.minisat.log": 0.892711, "pdtvisvending07.80.cnf.minisat.log": 1.16909, "qspiflash_qflexpress_divfive-p063.80.cnf.minisat.log": 0.787727, "elevator.4.prop1-func-interl.80.cnf.minisat.log": 2.30079, "eijks832.80.cnf.minisat.log": 7.48212, "qspiflash_dualflexpress_divfive-p116.80.cnf.minisat.log": 1.65248, "pdtvisvending00.80.cnf.minisat.log": 2.35832, "gen14.80.cnf.minisat.log": 1.02513, "qspiflash_qflexpress_divfive-p137.80.cnf.minisat.log": 1.30851, "qspiflash_dualflexpress_divthree-p034.80.cnf.minisat.log": 2.74833, "pdtvissoap2.80.cnf.minisat.log": 1845.42, "vis_arrays_am2910_p2.80.cnf.minisat.log": 0.128397, "cal4.80.cnf.minisat.log": 13.9248}, "par2": 249.21778544444444, "mem": {}}