{"data": [0.049429, 1.3513, 0.774672, 0.059436, 0.123895, 0.476195, 0.036556, 0.142069, 0.254377, 0.052951, 0.051126, 1.98078, 0.060617, 2.75154, 0.039104, 7.56015, 0.126897, 0.256876, 0.303428, 0.095665, 0.78432, 0.047186, 0.136168, 0.108728, 1.14633, 0.059876, 0.105084, 0.029169, 0.071228, 0.496997, 0.079003, 0.205992, 0.021221, 0.576026, 0.085206, 0.080476, 0.114576, 0.36246, 0.481448, 0.011775, 0.050504, 1.07919, 0.311822, 1.17028, 0.217999, 0.643424, 0.248282, 0.293765, 0.264191, 0.285145, 0.147556, 0.173879, 0.092066, 1.16013, 0.00951, 0.065667, 0.043249, 0.101999, 0.278007, 0.286802, 0.144337, 0.252288, 6.60069, 0.286221, 0.010331, 0.206268, 0.21086, 0.235462, 0.082013, 0.087239, 0.083655, 0.909164, 1.27234, 1.00921, 0.656845, 0.088745, 1.5037, 0.21097, 0.301117, 0.076031, 0.105979, 0.270925, 0.296115, 0.007771, 0.150517, 1.59006, 0.06405, 0.036444, 0.064855, 1.12357, 0.828277, 1.47385, 0.784962, 0.079756, 0.043832, 1.98875, 0.783015, 0.013688, 0.009212, 0.021413, 0.307988, 0.123178, 0.025386, 0.827037, 0.051811, 0.144395, 0.485748, 0.594989, 0.072993, 2.76455, 0.02516, 4.9504, 0.072461, 0.254615, 0.485879, 0.025393, 1.00236, 0.077509, 0.061862, 0.098487, 0.146298, 0.446362, 0.274173, 0.006756, 0.054104, 6.44124, 0.155302, 0.04288, 0.104713, 1.55322, 1.4903, 0.00679, 0.061018, 1.56615, 0.666723, 0.157123, 0.035311, 0.331568, 0.051654, 0.812871, 0.050502, 0.846794, 0.124866, 0.053487, 0.617954, 0.106516], "map": {"139443p0.k_10.top_100.minisat.log": 0.049429, "6s109.k_10.top_100.minisat.log": 1.3513, "6s206rb025.k_10.top_100.original.minisat.log": 0.774672, "139444p0.k_10.top_100.original.minisat.log": 0.059436, "139463p0.k_10.top_100.minisat.log": 0.123895, "6s344rb054.k_10.top_100.minisat.log": 0.476195, "6s122.k_10.top_100.original.minisat.log": 0.036556, "bob05.k_10.top_100.minisat.log": 0.142069, "6s307rb09.k_10.top_100.minisat.log": 0.254377, "6s31.k_10.top_100.original.minisat.log": 0.052951, "bobtuint20neg.k_10.top_100.original.minisat.log": 0.051126, "6s218b2950.k_10.top_100.original.minisat.log": 1.98078, "6s216rb0.k_10.top_100.minisat.log": 0.060617, "6s149.k_10.top_100.original.minisat.log": 2.75154, "beemszmsk1f1.k_10.top_100.original.minisat.log": 0.039104, "6s329rb19.k_10.top_100.minisat.log": 7.56015, "6s326rb08.k_10.top_100.original.minisat.log": 0.126897, "6s276rb342.k_10.top_100.original.minisat.log": 0.256876, "6s325rb072.k_10.top_100.minisat.log": 0.303428, "beemcmbrdg1f1.k_10.top_100.minisat.log": 0.095665, "6s206rb025.k_10.top_100.minisat.log": 0.78432, "bobtuint20neg.k_10.top_100.minisat.log": 0.047186, "bob05.k_10.top_100.original.minisat.log": 0.136168, "6s210b037.k_10.top_100.minisat.log": 0.108728, "6s204b19.k_10.top_100.original.minisat.log": 1.14633, "6s216rb0.k_10.top_100.original.minisat.log": 0.059876, "139454p0.k_10.top_100.original.minisat.log": 0.105084, "139442p0.k_10.top_100.minisat.log": 0.029169, "6s194.k_10.top_100.minisat.log": 0.071228, "6s288r.k_10.top_100.original.minisat.log": 0.496997, "139462p0.k_10.top_100.minisat.log": 0.079003, "139442p1.k_10.top_100.minisat.log": 0.205992, "6s159.k_10.top_100.minisat.log": 0.021221, "139443p5.k_10.top_100.minisat.log": 0.576026, "beemcmbrdg1f1.k_10.top_100.original.minisat.log": 0.085206, "6s0.k_10.top_100.original.minisat.log": 0.080476, "beemtrngt4b1.k_10.top_100.minisat.log": 0.114576, "6s275rb318.k_10.top_100.minisat.log": 0.36246, "6s273b37.k_10.top_100.minisat.log": 0.481448, "6s134.k_10.top_100.minisat.log": 0.011775, "bobtuint18neg.k_10.top_100.minisat.log": 0.050504, "dspfilters_fastfir_second-p21.k_10.top_100.original.minisat.log": 1.07919, "6s403rb1342.k_10.top_100.minisat.log": 0.311822, "dspfilters_fastfir_second-p21.k_10.top_100.minisat.log": 1.17028, "139442p1.k_10.top_100.original.minisat.log": 0.217999, "6s290.k_10.top_100.minisat.log": 0.643424, "6s307rb09.k_10.top_100.original.minisat.log": 0.248282, "6s275rb318.k_10.top_100.original.minisat.log": 0.293765, "6s277rb292.k_10.top_100.original.minisat.log": 0.264191, "6s380b129.k_10.top_100.minisat.log": 0.285145, "139464p0.k_10.top_100.original.minisat.log": 0.147556, "6s215rb0.k_10.top_100.original.minisat.log": 0.173879, "6s269r.k_10.top_100.original.minisat.log": 0.092066, "6s109.k_10.top_100.original.minisat.log": 1.16013, "6s164.k_10.top_100.original.minisat.log": 0.00951, "6s339rb19.k_10.top_100.minisat.log": 0.065667, "intel020.k_10.top_100.original.minisat.log": 0.043249, "139454p0.k_10.top_100.minisat.log": 0.101999, "6s306rb03.k_10.top_100.minisat.log": 0.278007, "6s317b14.k_10.top_100.minisat.log": 0.286802, "6s284rb1.k_10.top_100.original.minisat.log": 0.144337, "6s277rb292.k_10.top_100.minisat.log": 0.252288, "6s329rb20.k_10.top_100.minisat.log": 6.60069, "6s306rb03.k_10.top_100.original.minisat.log": 0.286221, "6s164.k_10.top_100.minisat.log": 0.010331, "6s209b0.k_10.top_100.minisat.log": 0.206268, "kenflashp11.k_10.top_100.original.minisat.log": 0.21086, "kenflashp11.k_10.top_100.minisat.log": 0.235462, "eijks386.k_10.top_100.minisat.log": 0.082013, "eijks386.k_10.top_100.original.minisat.log": 0.087239, "6s0.k_10.top_100.minisat.log": 0.083655, "dspfilters_fastfir_second-p25.k_10.top_100.minisat.log": 0.909164, "dspfilters_fastfir_second-p16.k_10.top_100.minisat.log": 1.27234, "139444p22.k_10.top_100.minisat.log": 1.00921, "6s119.k_10.top_100.minisat.log": 0.656845, "6s269r.k_10.top_100.minisat.log": 0.088745, "dspfilters_fastfir_second-p16.k_10.top_100.original.minisat.log": 1.5037, "6s209b0.k_10.top_100.original.minisat.log": 0.21097, "6s325rb072.k_10.top_100.original.minisat.log": 0.301117, "139453p0.k_10.top_100.original.minisat.log": 0.076031, "beemlann2f1.k_10.top_100.minisat.log": 0.105979, "6s317b14.k_10.top_100.original.minisat.log": 0.270925, "6s403rb1342.k_10.top_100.original.minisat.log": 0.296115, "eijks444.k_10.top_100.original.minisat.log": 0.007771, "139464p0.k_10.top_100.minisat.log": 0.150517, "6s221rb14.k_10.top_100.original.minisat.log": 1.59006, "139444p0.k_10.top_100.minisat.log": 0.06405, "beemszmsk1f1.k_10.top_100.minisat.log": 0.036444, "6s31.k_10.top_100.minisat.log": 0.064855, "6s204b19.k_10.top_100.minisat.log": 1.12357, "6s271rb045.k_10.top_100.original.minisat.log": 0.828277, "6s301rb106.k_10.top_100.original.minisat.log": 1.47385, "6s206rb103.k_10.top_100.original.minisat.log": 0.784962, "139462p0.k_10.top_100.original.minisat.log": 0.079756, "139443p0.k_10.top_100.original.minisat.log": 0.043832, "6s218b2950.k_10.top_100.minisat.log": 1.98875, "6s206rb103.k_10.top_100.minisat.log": 0.783015, "6s134.k_10.top_100.original.minisat.log": 0.013688, "eijks444.k_10.top_100.minisat.log": 0.009212, "6s159.k_10.top_100.original.minisat.log": 0.021413, "beemlann2f1.k_10.top_1000.original.minisat.log": 0.307988, "6s326rb08.k_10.top_100.minisat.log": 0.123178, "eijks420.k_10.top_100.original.minisat.log": 0.025386, "6s271rb079.k_10.top_100.minisat.log": 0.827037, "bobtuint09neg.k_10.top_100.minisat.log": 0.051811, "6s310r.k_10.top_100.minisat.log": 0.144395, "6s288r.k_10.top_100.minisat.log": 0.485748, "139443p5.k_10.top_100.original.minisat.log": 0.594989, "6s339rb19.k_10.top_100.original.minisat.log": 0.072993, "6s149.k_10.top_100.minisat.log": 2.76455, "eijks420.k_10.top_100.minisat.log": 0.02516, "6s329rb20.k_10.top_100.original.minisat.log": 4.9504, "6s194.k_10.top_100.original.minisat.log": 0.072461, "6s276rb342.k_10.top_100.minisat.log": 0.254615, "6s344rb054.k_10.top_100.original.minisat.log": 0.485879, "139442p0.k_10.top_100.original.minisat.log": 0.025393, "139444p22.k_10.top_100.original.minisat.log": 1.00236, "139453p0.k_10.top_100.minisat.log": 0.077509, "beemmsmie1f1.k_10.top_100.original.minisat.log": 0.061862, "6s210b037.k_10.top_100.original.minisat.log": 0.098487, "6s284rb1.k_10.top_100.minisat.log": 0.146298, "6s273b37.k_10.top_100.original.minisat.log": 0.446362, "6s380b129.k_10.top_100.original.minisat.log": 0.274173, "6s319r.k_10.top_100.original.minisat.log": 0.006756, "bobtuint18neg.k_10.top_100.original.minisat.log": 0.054104,