{"data": [0.774672, 0.059436, 0.036556, 0.052951, 0.051126, 1.98078, 2.75154, 0.039104, 0.126897, 0.256876, 0.136168, 1.14633, 0.059876, 0.105084, 0.496997, 0.085206, 0.080476, 1.07919, 0.217999, 0.248282, 0.293765, 0.264191, 0.147556, 0.173879, 0.092066, 1.16013, 0.00951, 0.043249, 0.144337, 0.286221, 0.21086, 0.087239, 1.5037, 0.21097, 0.301117, 0.076031, 0.270925, 0.296115, 0.007771, 1.59006, 0.828277, 1.47385, 0.784962, 0.079756, 0.043832, 0.013688, 0.021413, 0.307988, 0.025386, 0.594989, 0.072993, 4.9504, 0.072461, 0.485879, 0.025393, 1.00236, 0.061862, 0.098487, 0.446362, 0.274173, 0.006756, 0.054104, 6.44124, 0.104713, 1.55322, 0.666723, 0.157123, 0.051654, 0.050502, 0.846794, 0.124866, 0.617954, 0.106516], "map": {"6s206rb025.k_10.top_100.original.minisat.log": 0.774672, "139444p0.k_10.top_100.original.minisat.log": 0.059436, "6s122.k_10.top_100.original.minisat.log": 0.036556, "6s31.k_10.top_100.original.minisat.log": 0.052951, "bobtuint20neg.k_10.top_100.original.minisat.log": 0.051126, "6s218b2950.k_10.top_100.original.minisat.log": 1.98078, "6s149.k_10.top_100.original.minisat.log": 2.75154, "beemszmsk1f1.k_10.top_100.original.minisat.log": 0.039104, "6s326rb08.k_10.top_100.original.minisat.log": 0.126897, "6s276rb342.k_10.top_100.original.minisat.log": 0.256876, "bob05.k_10.top_100.original.minisat.log": 0.136168, "6s204b19.k_10.top_100.original.minisat.log": 1.14633, "6s216rb0.k_10.top_100.original.minisat.log": 0.059876, "139454p0.k_10.top_100.original.minisat.log": 0.105084, "6s288r.k_10.top_100.original.minisat.log": 0.496997, "beemcmbrdg1f1.k_10.top_100.original.minisat.log": 0.085206, "6s0.k_10.top_100.original.minisat.log": 0.080476, "dspfilters_fastfir_second-p21.k_10.top_100.original.minisat.log": 1.07919, "139442p1.k_10.top_100.original.minisat.log": 0.217999, "6s307rb09.k_10.top_100.original.minisat.log": 0.248282, "6s275rb318.k_10.top_100.original.minisat.log": 0.293765, "6s277rb292.k_10.top_100.original.minisat.log": 0.264191, "139464p0.k_10.top_100.original.minisat.log": 0.147556, "6s215rb0.k_10.top_100.original.minisat.log": 0.173879, "6s269r.k_10.top_100.original.minisat.log": 0.092066, "6s109.k_10.top_100.original.minisat.log": 1.16013, "6s164.k_10.top_100.original.minisat.log": 0.00951, "intel020.k_10.top_100.original.minisat.log": 0.043249, "6s284rb1.k_10.top_100.original.minisat.log": 0.144337, "6s306rb03.k_10.top_100.original.minisat.log": 0.286221, "kenflashp11.k_10.top_100.original.minisat.log": 0.21086, "eijks386.k_10.top_100.original.minisat.log": 0.087239, "dspfilters_fastfir_second-p16.k_10.top_100.original.minisat.log": 1.5037, "6s209b0.k_10.top_100.original.minisat.log": 0.21097, "6s325rb072.k_10.top_100.original.minisat.log": 0.301117, "139453p0.k_10.top_100.original.minisat.log": 0.076031, "6s317b14.k_10.top_100.original.minisat.log": 0.270925, "6s403rb1342.k_10.top_100.original.minisat.log": 0.296115, "eijks444.k_10.top_100.original.minisat.log": 0.007771, "6s221rb14.k_10.top_100.original.minisat.log": 1.59006, "6s271rb045.k_10.top_100.original.minisat.log": 0.828277, "6s301rb106.k_10.top_100.original.minisat.log": 1.47385, "6s206rb103.k_10.top_100.original.minisat.log": 0.784962, "139462p0.k_10.top_100.original.minisat.log": 0.079756, "139443p0.k_10.top_100.original.minisat.log": 0.043832, "6s134.k_10.top_100.original.minisat.log": 0.013688, "6s159.k_10.top_100.original.minisat.log": 0.021413, "beemlann2f1.k_10.top_1000.original.minisat.log": 0.307988, "eijks420.k_10.top_100.original.minisat.log": 0.025386, "139443p5.k_10.top_100.original.minisat.log": 0.594989, "6s339rb19.k_10.top_100.original.minisat.log": 0.072993, "6s329rb20.k_10.top_100.original.minisat.log": 4.9504, "6s194.k_10.top_100.original.minisat.log": 0.072461, "6s344rb054.k_10.top_100.original.minisat.log": 0.485879, "139442p0.k_10.top_100.original.minisat.log": 0.025393, "139444p22.k_10.top_100.original.minisat.log": 1.00236, "beemmsmie1f1.k_10.top_100.original.minisat.log": 0.061862, "6s210b037.k_10.top_100.original.minisat.log": 0.098487, "6s273b37.k_10.top_100.original.minisat.log": 0.446362, "6s380b129.k_10.top_100.original.minisat.log": 0.274173, "6s319r.k_10.top_100.original.minisat.log": 0.006756, "bobtuint18neg.k_10.top_100.original.minisat.log": 0.054104, "6s329rb19.k_10.top_100.original.minisat.log": 6.44124, "beemlann2f1.k_10.top_100.original.minisat.log": 0.104713, "dspfilters_fastfir_second-p25.k_10.top_100.original.minisat.log": 1.55322, "6s119.k_10.top_100.original.minisat.log": 0.666723, "6s310r.k_10.top_100.original.minisat.log": 0.157123, "bobtuint09neg.k_10.top_100.original.minisat.log": 0.051654, "139452p0.k_10.top_100.original.minisat.log": 0.050502, "6s271rb079.k_10.top_100.original.minisat.log": 0.846794, "139463p0.k_10.top_100.original.minisat.log": 0.124866, "6s290.k_10.top_100.original.minisat.log": 0.617954, "beemtrngt4b1.k_10.top_100.original.minisat.log": 0.106516}, "par2": 0.5397522465753424, "mem": {}}