{"data": [0.049429, 1.3513, 0.123895, 0.476195, 0.142069, 0.254377, 0.060617, 7.56015, 0.303428, 0.095665, 0.78432, 0.047186, 0.108728, 0.029169, 0.071228, 0.079003, 0.205992, 0.021221, 0.576026, 0.114576, 0.36246, 0.481448, 0.011775, 0.050504, 0.311822, 1.17028, 0.643424, 0.285145, 0.065667, 0.101999, 0.278007, 0.286802, 0.252288, 6.60069, 0.010331, 0.206268, 0.235462, 0.082013, 0.083655, 0.909164, 1.27234, 1.00921, 0.656845, 0.088745, 0.105979, 0.150517, 0.06405, 0.036444, 0.064855, 1.12357, 1.98875, 0.783015, 0.009212, 0.123178, 0.827037, 0.051811, 0.144395, 0.485748, 2.76455, 0.02516, 0.254615, 0.077509, 0.146298, 0.155302, 0.04288, 1.4903, 0.00679, 0.061018, 1.56615, 0.035311, 0.812871, 0.053487], "map": {"139443p0.k_10.top_100.minisat.log": 0.049429, "6s109.k_10.top_100.minisat.log": 1.3513, "139463p0.k_10.top_100.minisat.log": 0.123895, "6s344rb054.k_10.top_100.minisat.log": 0.476195, "bob05.k_10.top_100.minisat.log": 0.142069, "6s307rb09.k_10.top_100.minisat.log": 0.254377, "6s216rb0.k_10.top_100.minisat.log": 0.060617, "6s329rb19.k_10.top_100.minisat.log": 7.56015, "6s325rb072.k_10.top_100.minisat.log": 0.303428, "beemcmbrdg1f1.k_10.top_100.minisat.log": 0.095665, "6s206rb025.k_10.top_100.minisat.log": 0.78432, "bobtuint20neg.k_10.top_100.minisat.log": 0.047186, "6s210b037.k_10.top_100.minisat.log": 0.108728, "139442p0.k_10.top_100.minisat.log": 0.029169, "6s194.k_10.top_100.minisat.log": 0.071228, "139462p0.k_10.top_100.minisat.log": 0.079003, "139442p1.k_10.top_100.minisat.log": 0.205992, "6s159.k_10.top_100.minisat.log": 0.021221, "139443p5.k_10.top_100.minisat.log": 0.576026, "beemtrngt4b1.k_10.top_100.minisat.log": 0.114576, "6s275rb318.k_10.top_100.minisat.log": 0.36246, "6s273b37.k_10.top_100.minisat.log": 0.481448, "6s134.k_10.top_100.minisat.log": 0.011775, "bobtuint18neg.k_10.top_100.minisat.log": 0.050504, "6s403rb1342.k_10.top_100.minisat.log": 0.311822, "dspfilters_fastfir_second-p21.k_10.top_100.minisat.log": 1.17028, "6s290.k_10.top_100.minisat.log": 0.643424, "6s380b129.k_10.top_100.minisat.log": 0.285145, "6s339rb19.k_10.top_100.minisat.log": 0.065667, "139454p0.k_10.top_100.minisat.log": 0.101999, "6s306rb03.k_10.top_100.minisat.log": 0.278007, "6s317b14.k_10.top_100.minisat.log": 0.286802, "6s277rb292.k_10.top_100.minisat.log": 0.252288, "6s329rb20.k_10.top_100.minisat.log": 6.60069, "6s164.k_10.top_100.minisat.log": 0.010331, "6s209b0.k_10.top_100.minisat.log": 0.206268, "kenflashp11.k_10.top_100.minisat.log": 0.235462, "eijks386.k_10.top_100.minisat.log": 0.082013, "6s0.k_10.top_100.minisat.log": 0.083655, "dspfilters_fastfir_second-p25.k_10.top_100.minisat.log": 0.909164, "dspfilters_fastfir_second-p16.k_10.top_100.minisat.log": 1.27234, "139444p22.k_10.top_100.minisat.log": 1.00921, "6s119.k_10.top_100.minisat.log": 0.656845, "6s269r.k_10.top_100.minisat.log": 0.088745, "beemlann2f1.k_10.top_100.minisat.log": 0.105979, "139464p0.k_10.top_100.minisat.log": 0.150517, "139444p0.k_10.top_100.minisat.log": 0.06405, "beemszmsk1f1.k_10.top_100.minisat.log": 0.036444, "6s31.k_10.top_100.minisat.log": 0.064855, "6s204b19.k_10.top_100.minisat.log": 1.12357, "6s218b2950.k_10.top_100.minisat.log": 1.98875, "6s206rb103.k_10.top_100.minisat.log": 0.783015, "eijks444.k_10.top_100.minisat.log": 0.009212, "6s326rb08.k_10.top_100.minisat.log": 0.123178, "6s271rb079.k_10.top_100.minisat.log": 0.827037, "bobtuint09neg.k_10.top_100.minisat.log": 0.051811, "6s310r.k_10.top_100.minisat.log": 0.144395, "6s288r.k_10.top_100.minisat.log": 0.485748, "6s149.k_10.top_100.minisat.log": 2.76455, "eijks420.k_10.top_100.minisat.log": 0.02516, "6s276rb342.k_10.top_100.minisat.log": 0.254615, "139453p0.k_10.top_100.minisat.log": 0.077509, "6s284rb1.k_10.top_100.minisat.log": 0.146298, "6s215rb0.k_10.top_100.minisat.log": 0.155302, "intel020.k_10.top_100.minisat.log": 0.04288, "6s301rb106.k_10.top_100.minisat.log": 1.4903, "6s319r.k_10.top_100.minisat.log": 0.00679, "beemmsmie1f1.k_10.top_100.minisat.log": 0.061018, "6s221rb14.k_10.top_100.minisat.log": 1.56615, "6s122.k_10.top_100.minisat.log": 0.035311, "6s271rb045.k_10.top_100.minisat.log": 0.812871, "139452p0.k_10.top_100.minisat.log": 0.053487}, "par2": 0.5744683333333334, "mem": {}}