{"data": [0.149338, 1.1196, 0.00517, 0.985226, 0.906306, 0.133644, 1.01391, 0.016444, 0.39211, 14.5704, 10.6702, 1.73562, 9.41522, 0.863502, 1.48174, 1.39441, 0.816586, 2.10195, 0.367743, 3.48834, 4.09582, 3.27243, 2.7246, 0.616525, 0.46475, 30.0698, 1.5221, 0.56739, 7.25565, 0.193693, 19.1839, 4.04599, 1.75663, 0.015848, 1.52635, 0.457919, 0.580393, 0.864919, 0.481505, 5.98379, 3.00948, 1.12515, 1.13835, 0.715367, 1.52727, 0.215698, 0.14918, 0.010988, 0.659151, 0.201046, 0.497024, 18.6662, 0.124752, 0.097499, 2.92583, 0.912216, 22.9913, 0.11334, 4.44828, 12.2714, 18.5831, 10.3934, 1.49784, 240.674, 0.26718, 2.94398, 4.08529, 0.01161, 0.784413, 0.048245, 0.382151, 0.005077, 0.991225, 0.758103, 0.388715, 7.05534, 1.19922, 9.28353, 1.36429, 1.43518, 0.190336, 5.63062, 0.181933, 0.672637, 0.490097, 2.59237, 0.54103, 4.24936, 0.391828, 1.60003, 15.9489, 0.002379, 0.222002, 0.159241, 43.0922, 0.019506, 0.003206, 1.46859, 0.416425, 0.336164, 0.008844, 0.336519, 0.204314, 0.70735, 0.004324, 8.44778, 0.384765, 0.466954, 0.37272, 0.75998, 0.020073, 5.33438, 2.01402, 1.11903, 17.1529, 0.08281, 4.53617, 1.37274, 0.596323, 3.22801, 0.818087, 0.933438, 0.964219, 12.5181, 3.34588, 1.11233, 11.082, 0.073127, 0.019984, 218.592, 0.108613, 1.87275, 0.512666, 0.194157, 0.631125, 0.361292, 0.150326, 0.152, 0.235956, 9.36535, 4.02881, 33.4517, 0.199458, 0.023175, 0.078929, 0.155757, 0.066221, 0.112701, 0.145138, 0.074267, 0.883171, 0.247719, 9.11984, 0.594332, 0.063463, 0.01577, 0.326865, 1.20961, 0.465095, 0.466925], "map": {"bobmiterbm1and.60.cnf.minisat.log": 0.149338, "visprodcellp01.60.cnf.minisat.log": 1.1196, "vcegar_QF_BV_itc99_b13_p10.60.cnf.minisat.log": 0.00517, "qspiflash_dualflexpress_divthree-p046.60.cnf.minisat.log": 0.985226, "6s4.60.cnf.minisat.log": 0.906306, "pdtvsarmultip30.60.cnf.minisat.log": 0.133644, "139463p0.60.cnf.minisat.log": 1.01391, "power2sum256.60.cnf.minisat.log": 0.016444, "qspiflash_qflexpress_divfive-p017.60.cnf.minisat.log": 0.39211, "oski2b2i.60.cnf.minisat.log": 14.5704, "rast-p01.60.cnf.minisat.log": 10.6702, "vgasim_imgfifo-p066.60.cnf.minisat.log": 1.73562, "zipcpu-pfcache-p28.60.cnf.minisat.log": 9.41522, "qspiflash_qflexpress_divfive-p036.60.cnf.minisat.log": 0.863502, "marlann_compute_cp_fail2-p0.60.cnf.minisat.log": 1.48174, "gen39.60.cnf.minisat.log": 1.39441, "qspiflash_dualflexpress_divfive-p022.60.cnf.minisat.log": 0.816586, "texasparsesysp2.60.cnf.minisat.log": 2.10195, "pdtpmsrotate32.60.cnf.minisat.log": 0.367743, "mentorbm1p01.60.cnf.minisat.log": 3.48834, "zipcpu-pfcache-p02.60.cnf.minisat.log": 4.09582, "6s384rb024.60.cnf.minisat.log": 3.27243, "mentorbm1or.60.cnf.minisat.log": 2.7246, "qspiflash_dualflexpress_divthree-p143.60.cnf.minisat.log": 0.616525, "nusmvreactorp5.60.cnf.minisat.log": 0.46475, "6s421rb083.60.cnf.minisat.log": 30.0698, "eijks713.60.cnf.minisat.log": 1.5221, "viselevatorp3.60.cnf.minisat.log": 0.56739, "bobuns2p10d100l.60.cnf.minisat.log": 7.25565, "beemlup1b1.60.cnf.minisat.log": 0.193693, "pj2002.60.cnf.minisat.log": 19.1839, "nusmvguidancep8.60.cnf.minisat.log": 4.04599, "zipcpu-zipmmu-p39.60.cnf.minisat.log": 1.75663, "power2sum32.60.cnf.minisat.log": 0.015848, "vcegar_QF_BV_ar.60.cnf.minisat.log": 1.52635, "eijks1238.60.cnf.minisat.log": 0.457919, "pdtvisretherrtf1.60.cnf.minisat.log": 0.580393, "qspiflash_dualflexpress_divfive-p143.60.cnf.minisat.log": 0.864919, "pdtvisvsa16a16.60.cnf.minisat.log": 0.481505, "gen35.60.cnf.minisat.log": 5.98379, "bobunr2p10d40l.60.cnf.minisat.log": 3.00948, "nusmvtcastp3.60.cnf.minisat.log": 1.12515, "nusmvtcasp3.60.cnf.minisat.log": 1.13835, "139462p0.60.cnf.minisat.log": 0.715367, "vgasim_imgfifo-p105.60.cnf.minisat.log": 1.52727, "6s159.60.cnf.minisat.log": 0.215698, "pdtvsarmultip13.60.cnf.minisat.log": 0.14918, "nusmvsyncarb5p2.60.cnf.minisat.log": 0.010988, "qspiflash_qflexpress_divfive-p048.60.cnf.minisat.log": 0.659151, "pdtpmsusbphy.60.cnf.minisat.log": 0.201046, "6s372rb26.60.cnf.minisat.log": 0.497024, "oski15a14b16s.60.cnf.minisat.log": 18.6662, "kenflashp04.60.cnf.minisat.log": 0.124752, "eijks344.60.cnf.minisat.log": 0.097499, "6s391rb379.60.cnf.minisat.log": 2.92583, "zipversa_composecrc_prf-p17.60.cnf.minisat.log": 0.912216, "oski15a01b20s.60.cnf.minisat.log": 22.9913, "kenflashp08.60.cnf.minisat.log": 0.11334, "beemfwt2b2.60.cnf.minisat.log": 4.44828, "cal161.60.cnf.minisat.log": 12.2714, "oski15a10b00s.60.cnf.minisat.log": 18.5831, "picorv32-check-p09.60.cnf.minisat.log": 10.3934, "kenflashp03.60.cnf.minisat.log": 1.49784, "pdtpmsam2901.60.cnf.minisat.log": 240.674, "pdtvisminmax0.60.cnf.minisat.log": 0.26718, "bobsynth09neg.60.cnf.minisat.log": 2.94398, "neclaftp2002.60.cnf.minisat.log": 4.08529, "paper_v3.60.cnf.minisat.log": 0.01161, "beemelev1f1.60.cnf.minisat.log": 0.784413, "bob9234specand.60.cnf.minisat.log": 0.048245, "neclaftp4002.60.cnf.minisat.log": 0.382151, "shift1add2048.60.cnf.minisat.log": 0.005077, "nusmvguidancep6.60.cnf.minisat.log": 0.991225, "marlann_compute_cp_pass-p2.60.cnf.minisat.log": 0.758103, "kenflashp10.60.cnf.minisat.log": 0.388715, "zipcpu-pfcache-p13.60.cnf.minisat.log": 7.05534, "bobsynthand.60.cnf.minisat.log": 1.19922, "rast-p04.60.cnf.minisat.log": 9.28353, "pdtvisns2p3.60.cnf.minisat.log": 1.36429, "139464p0.60.cnf.minisat.log": 1.43518, "pdtvisblackjack1.60.cnf.minisat.log": 0.190336, "intel037.60.cnf.minisat.log": 5.63062, "pdtpmstwo.60.cnf.minisat.log": 0.181933, "beemcycschd3b1.60.cnf.minisat.log": 0.672637, "nusmvreactorp6.60.cnf.minisat.log": 0.490097, "pdtswvtms12x8p1.60.cnf.minisat.log": 2.59237, "zipcpu-busdelay-p43.60.cnf.minisat.log": 0.54103, "zipcpu-pfcache-p20.60.cnf.minisat.log": 4.24936, "139443p0.60.cnf.minisat.log": 0.391828, "vgasim_imgfifo-p082.60.cnf.minisat.log": 1.60003, "oski15a14b32s.60.cnf.minisat.log": 15.9489, "neclaftp5001.60.cnf.minisat.log": 0.002379, "miim.60.cnf.minisat.log": 0.222002, "pdtvisvsar22.60.cnf.minisat.log": 0.159241, "cal37.60.cnf.minisat.log": 43.0922, "power2sum128.60.cnf.minisat.log": 0.019506, "pdtvisgray0.60.cnf.minisat.log": 0.003206, "pdtvisvsa16a27.60.cnf.minisat.log": 1.46859, "139452p0.60.cnf.minisat.log": 0.416425, "zipversa_composecrc_prf-p11.60.cnf.minisat.log": 0.336164, "shift1add262144.60.cnf.minisat.log": 0.008844, "pdtvsar8multip16.60.cnf.minisat.log": 0.336519, "pdtvisblackjack0.60.cnf.minisat.log": 0.204314, "marlann_compute_cp_fail1-p2.60.cnf.minisat.log": 0.70735, "shift1add256.60.cnf.minisat.log": 0.004324, "6s385rb444.60.cnf.minisat.log": 8.44778, "pdtpmsblackjack.60.cnf.minisat.log": 0.384765, "6s362rb1.60.cnf.minisat.log": 0.466954, "pdtvsar8multip23.60.cnf.minisat.log": 0.37272, "qspiflash_dualflexpress_divthree-p158.60.cnf.minisat.log": 0.75998, "power2eq65536.60.cnf.minisat.log": 0.020073, "zipcpu-pfcache-p27.60.cnf.minisat.log": 5.33438, "zipcpu-zipmmu-p31.60.cnf.minisat.log": 2.01402, "nusmvtcasp2.60.cnf.minisat.log": 1.11903, "neclaftp1002.60.cnf.minisat.log": 17.1529, "nusmvreactorp1.60.cnf.minisat.log": 0.08281, "beemfwt3f3.60.cnf.minisat.log": 4.53617, "zipcpu-busdelay-p15.60.cnf.minisat.log": 1.37274, "6s515rb1.60.cnf.minisat.log": 0.596323, "oski15a14b14s.60.cnf.minisat.log": 3.22801, "qspiflash_dualflexpress_divfive-p128.60.cnf.minisat.log": 0.818087, "139454p0.60.cnf.minisat.log": 0.933438, "qspiflash_qflexpress_divfive-p064.60.cnf.minisat.log": 0.964219, "dspfilters_fastfir_second-p07.60.cnf.minisat.log": 12.5181, "6s400rb07819.60.cnf.minisat.log": 3.34588, "gen10.60.cnf.minisat.log": 1.11233, "mentorbm1p09.60.cnf.minisat.log": 11.082, "bjrb07amba1andenv.60.cnf.minisat.log": 0.073127, "bj08aut82.60.cnf.minisat.log": 0.019984, "gen31.60.cnf.minisat.log": 218.592, "eijks349.60.cnf.minisat.log": 0.108613, "kenflashp09.60.cnf.minisat.log": 1.87275, "pdtvsarmultip29.60.cnf.minisat.log": 0.512666, "zipversa_composecrc_prf-p00.60.cnf.minisat.log": 0.194157, "139453p0.60.cnf.minisat.log": 0.631125, "neclaftp4001.60.cnf.minisat.log": 0.361292, "neclatcas1a001.60.cnf.minisat.log": 0.150326,