{"data": [0.669997, 0.005626, 0.055377, 0.062443, 0.443287, 0.071656, 0.006032, 0.757841, 0.843204, 1.00159, 0.465186, 0.013509, 0.094871, 0.005378, 0.133549, 1.05785, 0.31824, 0.047669, 0.128525, 28.3694, 0.719946, 0.259554, 0.226823, 0.667068, 0.083373, 0.952322, 0.009596, 0.276392, 0.277735, 0.340583, 0.127717, 0.095211, 0.00909, 0.381742, 0.295583, 0.142199, 0.045271, 0.091072, 142.846, 0.332844, 0.001445, 0.12234, 0.226305, 0.039441, 0.279196, 0.568146, 0.598258, 0.131002, 0.106935, 19.5992, 2.44305, 0.23207, 1.33515, 0.502155, 0.485293, 1.07668, 1.1788, 0.706751, 0.928637, 0.786374, 0.110343, 0.462368, 0.288658, 0.013583, 0.113014, 0.171371, 1.9905, 1.14, 0.078632, 0.305142, 0.580506, 0.321684, 0.724196, 0.094005, 0.293975, 0.338461, 0.497976, 1.00261, 0.80654, 0.292329, 0.308218, 0.082642, 0.004654, 0.2464, 0.792884, 0.002454, 0.380935, 1.01067, 0.131832, 1.17332, 0.562315, 0.615554, 0.112351, 0.792313, 0.011605, 0.100321, 0.091777, 0.733005, 0.531331, 0.328378, 0.003758, 0.530288, 0.005649, 0.00554, 0.028441, 1.71698, 0.600183, 0.162636, 0.572802, 0.14896, 0.010761, 1.2718, 0.300953, 0.278798, 0.650976, 0.602776, 1.03332, 0.064633, 0.038874, 0.357603], "map": {"zipversa_composecrc_prf-p07.60.cnf.minisat.log": 0.669997, "vcegar_QF_BV_itc99_b13_p10.60.cnf.minisat.log": 0.005626, "kenflashp13.60.cnf.minisat.log": 0.055377, "eijks349.60.cnf.minisat.log": 0.062443, "qspiflash_qflexpress_divfive-p048.60.cnf.minisat.log": 0.443287, "nusmvreactorp1.60.cnf.minisat.log": 0.071656, "power2eq65536.60.cnf.minisat.log": 0.006032, "gen10.60.cnf.minisat.log": 0.757841, "qspiflash_dualflexpress_divfive-p164.60.cnf.minisat.log": 0.843204, "gen31.60.cnf.minisat.log": 1.00159, "6s515rb1.60.cnf.minisat.log": 0.465186, "nusmvsyncarb10p2.60.cnf.minisat.log": 0.013509, "pdtvsarmultip13.60.cnf.minisat.log": 0.094871, "nusmvsyncarb5p2.60.cnf.minisat.log": 0.005378, "pdtvisblackjack2.60.cnf.minisat.log": 0.133549, "vgasim_imgfifo-p066.60.cnf.minisat.log": 1.05785, "6s362rb1.60.cnf.minisat.log": 0.31824, "bj08amba2g1.60.cnf.minisat.log": 0.047669, "zipversa_composecrc_prf-p00.60.cnf.minisat.log": 0.128525, "cal37.60.cnf.minisat.log": 28.3694, "nusmvguidancep6.60.cnf.minisat.log": 0.719946, "139443p0.60.cnf.minisat.log": 0.259554, "pdtvsar8multip13.60.cnf.minisat.log": 0.226823, "frogs.5.prop1-func-interl.60.cnf.minisat.log": 0.667068, "kenflashp07.60.cnf.minisat.log": 0.083373, "pdtvisvsa16a27.60.cnf.minisat.log": 0.952322, "power2sum256.60.cnf.minisat.log": 0.009596, "eijks1196.60.cnf.minisat.log": 0.276392, "139452p0.60.cnf.minisat.log": 0.277735, "nusmvreactorp6.60.cnf.minisat.log": 0.340583, "miim.60.cnf.minisat.log": 0.127717, "bobtuintand.60.cnf.minisat.log": 0.095211, "pdtpmsarbiter.60.cnf.minisat.log": 0.00909, "139444p0.60.cnf.minisat.log": 0.381742, "pdtvisvsa16a10.60.cnf.minisat.log": 0.295583, "pdtvisminmaxr1.60.cnf.minisat.log": 0.142199, "6s164.60.cnf.minisat.log": 0.045271, "pdtvsarmultip30.60.cnf.minisat.log": 0.091072, "pdtpmsam2901.60.cnf.minisat.log": 142.846, "qspiflash_qflexpress_divfive-p017.60.cnf.minisat.log": 0.332844, "pdtvisgray0.60.cnf.minisat.log": 0.001445, "pdtvisblackjack0.60.cnf.minisat.log": 0.12234, "pdtvsar8multip16.60.cnf.minisat.log": 0.226305, "pdtvishuffman1.60.cnf.minisat.log": 0.039441, "neclaftp4002.60.cnf.minisat.log": 0.279196, "qspiflash_dualflexpress_divfive-p128.60.cnf.minisat.log": 0.568146, "qspiflash_qflexpress_divfive-p036.60.cnf.minisat.log": 0.598258, "beemlup1b1.60.cnf.minisat.log": 0.131002, "bobtuintorneg.60.cnf.minisat.log": 0.106935, "6s421rb083.60.cnf.minisat.log": 19.5992, "nusmvguidancep8.60.cnf.minisat.log": 2.44305, "pdtvsar8multip23.60.cnf.minisat.log": 0.23207, "kenflashp09.60.cnf.minisat.log": 1.33515, "qspiflash_dualflexpress_divthree-p158.60.cnf.minisat.log": 0.502155, "marlann_compute_cp_pass-p2.60.cnf.minisat.log": 0.485293, "vgasim_imgfifo-p105.60.cnf.minisat.log": 1.07668, "zipcpu-zipmmu-p39.60.cnf.minisat.log": 1.1788, "nusmvtcastp3.60.cnf.minisat.log": 0.706751, "139453p0.60.cnf.minisat.log": 0.928637, "nusmvtcasp2.60.cnf.minisat.log": 0.786374, "neclatcas1a001.60.cnf.minisat.log": 0.110343, "marlann_compute_cp_fail1-p2.60.cnf.minisat.log": 0.462368, "zipversa_composecrc_prf-p11.60.cnf.minisat.log": 0.288658, "bj08aut82.60.cnf.minisat.log": 0.013583, "pdtpmsusbphy.60.cnf.minisat.log": 0.113014, "139442p0.60.cnf.minisat.log": 0.171371, "bobunr2p10d40l.60.cnf.minisat.log": 1.9905, "gen39.60.cnf.minisat.log": 1.14, "kenflashp08.60.cnf.minisat.log": 0.078632, "pdtvisvsa16a16.60.cnf.minisat.log": 0.305142, "6s4.60.cnf.minisat.log": 0.580506, "6s372rb26.60.cnf.minisat.log": 0.321684, "nusmvtcasp3.60.cnf.minisat.log": 0.724196, "pdtvsarmultip08.60.cnf.minisat.log": 0.094005, "nusmvreactorp5.60.cnf.minisat.log": 0.293975, "viselevatorp3.60.cnf.minisat.log": 0.338461, "pdtvsarmultip29.60.cnf.minisat.log": 0.497976, "eijks713.60.cnf.minisat.log": 1.00261, "zipcpu-busdelay-p15.60.cnf.minisat.log": 0.80654, "gen35.60.cnf.minisat.log": 0.292329, "pdtpmsrotate32.60.cnf.minisat.log": 0.308218, "kenflashp04.60.cnf.minisat.log": 0.082642, "shift1add256.60.cnf.minisat.log": 0.004654, "kenflashp10.60.cnf.minisat.log": 0.2464, "pdtvisns2p3.60.cnf.minisat.log": 0.792884, "neclaftp5001.60.cnf.minisat.log": 0.002454, "zipcpu-busdelay-p43.60.cnf.minisat.log": 0.380935, "kenflashp03.60.cnf.minisat.log": 1.01067, "pdtvisblackjack1.60.cnf.minisat.log": 0.131832, "vgasim_imgfifo-p082.60.cnf.minisat.log": 1.17332, "beemelev1f1.60.cnf.minisat.log": 0.562315, "zipversa_composecrc_prf-p17.60.cnf.minisat.log": 0.615554, "pdtpmstwo.60.cnf.minisat.log": 0.112351, "visprodcellp01.60.cnf.minisat.log": 0.792313, "power2sum128.60.cnf.minisat.log": 0.011605, "bobmiterbm1and.60.cnf.minisat.log": 0.100321, "pdtvisvsar22.60.cnf.minisat.log": 0.091777, "qspiflash_dualflexpress_divthree-p046.60.cnf.minisat.log": 0.733005, "beemcycschd3b1.60.cnf.minisat.log": 0.531331, "pdtpmsblackjack.60.cnf.minisat.log": 0.328378, "shift1add262144.60.cnf.minisat.log": 0.003758, "qspiflash_dualflexpress_divfive-p022.60.cnf.minisat.log": 0.530288, "paper_v3.60.cnf.minisat.log": 0.005649, "shift1add2048.60.cnf.minisat.log": 0.00554, "bob9234specand.60.cnf.minisat.log": 0.028441, "pdtswvtms12x8p1.60.cnf.minisat.log": 1.71698, "qspiflash_dualflexpress_divfive-p143.60.cnf.minisat.log": 0.600183, "pdtvisminmax0.60.cnf.minisat.log": 0.162636, "qspiflash_dualflexpress_divthree-p143.60.cnf.minisat.log": 0.572802, "6s159.60.cnf.minisat.log": 0.14896, "power2sum32.60.cnf.minisat.log": 0.010761, "zipcpu-zipmmu-p31.60.cnf.minisat.log": 1.2718, "eijks1238.60.cnf.minisat.log": 0.300953, "neclaftp4001.60.cnf.minisat.log": 0.278798, "139462p0.60.cnf.minisat.log": 0.650976, "qspiflash_qflexpress_divfive-p064.60.cnf.minisat.log": 0.602776, "marlann_compute_cp_fail2-p0.60.cnf.minisat.log": 1.03332, "eijks344.60.cnf.minisat.log": 0.064633, "bjrb07amba1andenv.60.cnf.minisat.log": 0.038874, "pdtvisretherrtf1.60.cnf.minisat.log": 0.357603}, "par2": 245.8544972520325, "mem": {}}