{"data": [0.541999, 0.229062, 234.83, 0.946387, 0.998788, 1.75981, 1.14914, 0.749534, 2.33257, 0.745482, 1.01361, 3.36107, 2.13547, 1.09667, 0.090719, 0.349608, 0.503558, 1035.48, 4.01581, 29.7086, 1.13678, 0.358496, 861.266, 0.910518, 1.16581, 1.02425, 0.82925, 0.852813, 762.148, 24.708, 1.05947, 6.92376, 1.03072, 0.87825, 4.56753, 2992.49, 1.06777, 0.78033, 178.406, 15.807, 1.68763, 789.389, 1298.02, 43.2914, 1167.72, 0.791304, 2.78647, 0.783763], "map": {"qspiflash_qflexpress_divfive-p122.80.cnf.minisat.log": 0.541999, "kenoopp1.80.cnf.minisat.log": 0.229062, "qspiflash_dualflexpress_divthree-p012.80.cnf.minisat.log": 234.83, "bobtuint18neg.80.cnf.minisat.log": 0.946387, "qspiflash_dualflexpress_divfive-p050.80.cnf.minisat.log": 0.998788, "qspiflash_dualflexpress_divthree-p141.80.cnf.minisat.log": 1.75981, "qspiflash_dualflexpress_divfive-p136.80.cnf.minisat.log": 1.14914, "qspiflash_qflexpress_divfive-p104.80.cnf.minisat.log": 0.749534, "qspiflash_dualflexpress_divthree-p076.80.cnf.minisat.log": 2.33257, "qspiflash_qflexpress_divfive-p038.80.cnf.minisat.log": 0.745482, "qspiflash_dualflexpress_divthree-p069.80.cnf.minisat.log": 1.01361, "neclabakery001.80.cnf.minisat.log": 3.36107, "vgasim_imgfifo-p099.80.cnf.minisat.log": 2.13547, "qspiflash_dualflexpress_divthree-p136.80.cnf.minisat.log": 1.09667, "pdtvistwoall3.80.cnf.minisat.log": 0.090719, "nusmvreactorp4.80.cnf.minisat.log": 0.349608, "eijks386.80.cnf.minisat.log": 0.503558, "zipcpu-busdelay-p00.80.cnf.minisat.log": 1035.48, "beemtrngt4b1.80.cnf.minisat.log": 4.01581, "zipcpu-zipmmu-p26.80.cnf.minisat.log": 29.7086, "qspiflash_dualflexpress_divfive-p133.80.cnf.minisat.log": 1.13678, "intel020.80.cnf.minisat.log": 0.358496, "beemszmsk1f1.80.cnf.minisat.log": 861.266, "qspiflash_dualflexpress_divthree-p106.80.cnf.minisat.log": 0.910518, "vgasim_imgfifo-p064.80.cnf.minisat.log": 1.16581, "bobtuint09neg.80.cnf.minisat.log": 1.02425, "qspiflash_dualflexpress_divfive-p127.80.cnf.minisat.log": 0.82925, "qspiflash_qflexpress_divfive-p029.80.cnf.minisat.log": 0.852813, "eijks444.80.cnf.minisat.log": 762.148, "qspiflash_dualflexpress_divthree-p005.80.cnf.minisat.log": 24.708, "qspiflash_dualflexpress_divthree-p164.80.cnf.minisat.log": 1.05947, "vis4arbitp1.80.cnf.minisat.log": 6.92376, "qspiflash_dualflexpress_divfive-p092.80.cnf.minisat.log": 1.03072, "qspiflash_qflexpress_divfive-p113.80.cnf.minisat.log": 0.87825, "eijks420.80.cnf.minisat.log": 4.56753, "bobsmoci.80.cnf.minisat.log": 2992.49, "qspiflash_dualflexpress_divthree-p124.80.cnf.minisat.log": 1.06777, "bobtuint20neg.80.cnf.minisat.log": 0.78033, "qspiflash_dualflexpress_divthree-p007.80.cnf.minisat.log": 178.406, "eijkbs1512.80.cnf.minisat.log": 15.807, "pdtvisgoodbakery0.80.cnf.minisat.log": 1.68763, "cal21.80.cnf.minisat.log": 789.389, "zipcpu-busdelay-p36.80.cnf.minisat.log": 1298.02, "qspiflash_dualflexpress_divfive-p007.80.cnf.minisat.log": 43.2914, "zipcpu-busdelay-p46.80.cnf.minisat.log": 1167.72, "qspiflash_dualflexpress_divfive-p161.80.cnf.minisat.log": 0.791304, "kenflashp11.80.cnf.minisat.log": 2.78647, "qspiflash_dualflexpress_divthree-p161.80.cnf.minisat.log": 0.783763}, "par2": 2158.0653033500002, "mem": {}}