{"data": [0.679687, 0.221545, 255.182, 0.875359, 1.17044, 1.6644, 1.21944, 0.967783, 2.35913, 0.952448, 0.977074, 3.61835, 2.58338, 1.05657, 0.089797, 0.376419, 0.513144, 1033.02, 4.65719, 24.416, 1.24083, 0.338984, 887.569, 1.00721, 1.45549, 0.999143, 0.854407, 0.997369, 762.918, 27.7985, 1.18766, 6.84354, 1.12535, 0.974435, 4.83113, 2895.19, 1.31417, 0.810409, 158.034, 14.193, 1.83877, 733.546, 1147.99, 44.8334, 1148.03, 0.782236, 2.38458, 0.79431], "map": {"qspiflash_qflexpress_divfive-p122.80.cnf.minisat.log": 0.679687, "kenoopp1.80.cnf.minisat.log": 0.221545, "qspiflash_dualflexpress_divthree-p012.80.cnf.minisat.log": 255.182, "bobtuint18neg.80.cnf.minisat.log": 0.875359, "qspiflash_dualflexpress_divfive-p050.80.cnf.minisat.log": 1.17044, "qspiflash_dualflexpress_divthree-p141.80.cnf.minisat.log": 1.6644, "qspiflash_dualflexpress_divfive-p136.80.cnf.minisat.log": 1.21944, "qspiflash_qflexpress_divfive-p104.80.cnf.minisat.log": 0.967783, "qspiflash_dualflexpress_divthree-p076.80.cnf.minisat.log": 2.35913, "qspiflash_qflexpress_divfive-p038.80.cnf.minisat.log": 0.952448, "qspiflash_dualflexpress_divthree-p069.80.cnf.minisat.log": 0.977074, "neclabakery001.80.cnf.minisat.log": 3.61835, "vgasim_imgfifo-p099.80.cnf.minisat.log": 2.58338, "qspiflash_dualflexpress_divthree-p136.80.cnf.minisat.log": 1.05657, "pdtvistwoall3.80.cnf.minisat.log": 0.089797, "nusmvreactorp4.80.cnf.minisat.log": 0.376419, "eijks386.80.cnf.minisat.log": 0.513144, "zipcpu-busdelay-p00.80.cnf.minisat.log": 1033.02, "beemtrngt4b1.80.cnf.minisat.log": 4.65719, "zipcpu-zipmmu-p26.80.cnf.minisat.log": 24.416, "qspiflash_dualflexpress_divfive-p133.80.cnf.minisat.log": 1.24083, "intel020.80.cnf.minisat.log": 0.338984, "beemszmsk1f1.80.cnf.minisat.log": 887.569, "qspiflash_dualflexpress_divthree-p106.80.cnf.minisat.log": 1.00721, "vgasim_imgfifo-p064.80.cnf.minisat.log": 1.45549, "bobtuint09neg.80.cnf.minisat.log": 0.999143, "qspiflash_dualflexpress_divfive-p127.80.cnf.minisat.log": 0.854407, "qspiflash_qflexpress_divfive-p029.80.cnf.minisat.log": 0.997369, "eijks444.80.cnf.minisat.log": 762.918, "qspiflash_dualflexpress_divthree-p005.80.cnf.minisat.log": 27.7985, "qspiflash_dualflexpress_divthree-p164.80.cnf.minisat.log": 1.18766, "vis4arbitp1.80.cnf.minisat.log": 6.84354, "qspiflash_dualflexpress_divfive-p092.80.cnf.minisat.log": 1.12535, "qspiflash_qflexpress_divfive-p113.80.cnf.minisat.log": 0.974435, "eijks420.80.cnf.minisat.log": 4.83113, "bobsmoci.80.cnf.minisat.log": 2895.19, "qspiflash_dualflexpress_divthree-p124.80.cnf.minisat.log": 1.31417, "bobtuint20neg.80.cnf.minisat.log": 0.810409, "qspiflash_dualflexpress_divthree-p007.80.cnf.minisat.log": 158.034, "eijkbs1512.80.cnf.minisat.log": 14.193, "pdtvisgoodbakery0.80.cnf.minisat.log": 1.83877, "cal21.80.cnf.minisat.log": 733.546, "zipcpu-busdelay-p36.80.cnf.minisat.log": 1147.99, "qspiflash_dualflexpress_divfive-p007.80.cnf.minisat.log": 44.8334, "zipcpu-busdelay-p46.80.cnf.minisat.log": 1148.03, "qspiflash_dualflexpress_divfive-p161.80.cnf.minisat.log": 0.782236, "kenflashp11.80.cnf.minisat.log": 2.38458, "qspiflash_dualflexpress_divthree-p161.80.cnf.minisat.log": 0.79431}, "par2": 2153.1080346500007, "mem": {}}