{"data": [0.092233, 0.502666, 0.003485, 0.39426, 0.299609, 0.056926, 0.064442, 0.004942, 0.006002, 0.05053, 0.522319, 0.023912, 10.245, 0.323075, 0.649274, 0.481097, 0.332886, 0.009036, 0.627319, 84.2514, 0.002827, 0.042229, 0.314277, 0.168311, 0.068514, 0.649052, 0.007123, 0.532387, 0.001436, 1.30117, 0.34089, 0.007578, 0.782851, 0.198264, 1.26672, 0.341089, 0.726091, 0.191864, 20.9222, 0.156905, 0.062776, 0.030937, 0.184841, 0.069983, 0.180631, 1.16529, 0.393177, 0.464909, 0.067842, 0.753896, 0.00786, 0.935236, 0.165122, 0.316798, 0.437292, 0.174366, 0.086793, 0.155099, 0.189865, 0.068772, 0.274937, 0.026555, 0.217463, 0.262824, 0.040516, 0.06382, 0.285418, 13.0613, 0.250086, 0.330927, 0.048914, 0.085063, 0.539438, 0.220151, 0.082087, 0.009868, 0.118072, 4.09272, 0.069083, 0.080234, 0.007364, 0.651226, 0.033769, 0.313777, 0.26757, 0.003885, 0.16319, 0.340056, 0.001902, 0.004904, 0.226256, 0.232848, 1.06119, 0.097905, 2.60806, 0.648579, 0.882758, 0.174141, 0.393304, 0.004449, 1.37214, 0.039646, 0.092761, 75.1192, 0.151797, 0.455005, 0.286335, 0.04083, 1775.93, 0.060203, 0.187622, 0.199869, 0.158972, 0.089874, 0.502562, 0.32483, 0.185022, 0.094463, 0.604489, 0.332474, 0.08107, 0.159409, 0.42358, 0.201401, 0.55913, 0.865343], "map": {"pdtvisblackjack1.40.cnf.minisat.log": 0.092233, "nusmvtcasp3.40.cnf.minisat.log": 0.502666, "paper_v3.40.cnf.minisat.log": 0.003485, "qspiflash_dualflexpress_divfive-p164.40.cnf.minisat.log": 0.39426, "beemcycschd3b1.40.cnf.minisat.log": 0.299609, "kenflashp04.40.cnf.minisat.log": 0.056926, "pdtvsarmultip13.40.cnf.minisat.log": 0.064442, "nusmvsyncarb5p2.40.cnf.minisat.log": 0.004942, "power2eq65536.40.cnf.minisat.log": 0.006002, "kenflashp08.40.cnf.minisat.log": 0.05053, "zipcpu-busdelay-p15.40.cnf.minisat.log": 0.522319, "bob9234specand.40.cnf.minisat.log": 0.023912, "cal37.40.cnf.minisat.log": 10.245, "139462p0.40.cnf.minisat.log": 0.323075, "kenflashp03.40.cnf.minisat.log": 0.649274, "gen10.40.cnf.minisat.log": 0.481097, "beemelev1f1.40.cnf.minisat.log": 0.332886, "bj08aut82.40.cnf.minisat.log": 0.009036, "marlann_compute_cp_fail2-p0.40.cnf.minisat.log": 0.627319, "gen31.40.cnf.minisat.log": 84.2514, "shift1add256.40.cnf.minisat.log": 0.002827, "eijks344.40.cnf.minisat.log": 0.042229, "zipcpu-busdelay-p43.40.cnf.minisat.log": 0.314277, "kenflashp10.40.cnf.minisat.log": 0.168311, "pdtvisvsar22.40.cnf.minisat.log": 0.068514, "vgasim_imgfifo-p082.40.cnf.minisat.log": 0.649052, "power2sum128.40.cnf.minisat.log": 0.007123, "pdtvisns2p3.40.cnf.minisat.log": 0.532387, "neclaftp5001.40.cnf.minisat.log": 0.001436, "nusmvguidancep6.40.cnf.minisat.log": 1.30117, "qspiflash_qflexpress_divfive-p064.40.cnf.minisat.log": 0.34089, "pdtpmsarbiter.40.cnf.minisat.log": 0.007578, "zipcpu-zipmmu-p31.40.cnf.minisat.log": 0.782851, "pdtvisretherrtf1.40.cnf.minisat.log": 0.198264, "bobunr2p10d40l.40.cnf.minisat.log": 1.26672, "qspiflash_dualflexpress_divfive-p128.40.cnf.minisat.log": 0.341089, "eijks713.40.cnf.minisat.log": 0.726091, "pdtvisvsa16a16.40.cnf.minisat.log": 0.191864, "frogs.5.prop1-func-interl.40.cnf.minisat.log": 20.9222, "pdtpmsrotate32.40.cnf.minisat.log": 0.156905, "pdtvsarmultip30.40.cnf.minisat.log": 0.062776, "bjrb07amba1andenv.40.cnf.minisat.log": 0.030937, "nusmvreactorp5.40.cnf.minisat.log": 0.184841, "bobtuintorneg.40.cnf.minisat.log": 0.069983, "eijks1196.40.cnf.minisat.log": 0.180631, "nusmvguidancep8.40.cnf.minisat.log": 1.16529, "zipversa_composecrc_prf-p17.40.cnf.minisat.log": 0.393177, "139463p0.40.cnf.minisat.log": 0.464909, "bobmiterbm1and.40.cnf.minisat.log": 0.067842, "visprodcellp01.40.cnf.minisat.log": 0.753896, "power2sum32.40.cnf.minisat.log": 0.00786, "texasparsesysp2.40.cnf.minisat.log": 0.935236, "6s164.40.cnf.minisat.log": 0.165122, "qspiflash_dualflexpress_divthree-p158.40.cnf.minisat.log": 0.316798, "6s4.40.cnf.minisat.log": 0.437292, "neclaftp4001.40.cnf.minisat.log": 0.174366, "pdtvisminmaxr1.40.cnf.minisat.log": 0.086793, "pdtvsar8multip13.40.cnf.minisat.log": 0.155099, "pdtvisvsa16a10.40.cnf.minisat.log": 0.189865, "miim.40.cnf.minisat.log": 0.068772, "viselevatorp3.40.cnf.minisat.log": 0.274937, "pdtvishuffman1.40.cnf.minisat.log": 0.026555, "pdtvsarmultip29.40.cnf.minisat.log": 0.217463, "139444p0.40.cnf.minisat.log": 0.262824, "kenflashp13.40.cnf.minisat.log": 0.040516, "pdtvsarmultip08.40.cnf.minisat.log": 0.06382, "139453p0.40.cnf.minisat.log": 0.285418, "6s421rb083.40.cnf.minisat.log": 13.0613, "zipversa_composecrc_prf-p11.40.cnf.minisat.log": 0.250086, "marlann_compute_cp_fail1-p2.40.cnf.minisat.log": 0.330927, "kenflashp07.40.cnf.minisat.log": 0.048914, "beemlup1b1.40.cnf.minisat.log": 0.085063, "vgasim_imgfifo-p066.40.cnf.minisat.log": 0.539438, "eijks1238.40.cnf.minisat.log": 0.220151, "pdtvisblackjack2.40.cnf.minisat.log": 0.082087, "nusmvsyncarb10p2.40.cnf.minisat.log": 0.009868, "139442p0.40.cnf.minisat.log": 0.118072, "gen35.40.cnf.minisat.log": 4.09272, "bobtuintand.40.cnf.minisat.log": 0.069083, "neclatcas1a001.40.cnf.minisat.log": 0.080234, "power2sum256.40.cnf.minisat.log": 0.007364, "gen39.40.cnf.minisat.log": 0.651226, "bj08amba2g1.40.cnf.minisat.log": 0.033769, "marlann_compute_cp_pass-p2.40.cnf.minisat.log": 0.313777, "qspiflash_qflexpress_divfive-p048.40.cnf.minisat.log": 0.26757, "shift1add262144.40.cnf.minisat.log": 0.003885, "pdtpmsblackjack.40.cnf.minisat.log": 0.16319, "qspiflash_dualflexpress_divfive-p143.40.cnf.minisat.log": 0.340056, "pdtvisgray0.40.cnf.minisat.log": 0.001902, "vcegar_QF_BV_itc99_b13_p10.40.cnf.minisat.log": 0.004904, "6s515rb1.40.cnf.minisat.log": 0.226256, "6s372rb26.40.cnf.minisat.log": 0.232848, "139454p0.40.cnf.minisat.log": 1.06119, "6s159.40.cnf.minisat.log": 0.097905, "beemfwt2b2.40.cnf.minisat.log": 2.60806, "zipcpu-zipmmu-p39.40.cnf.minisat.log": 0.648579, "pdtswvtms12x8p1.40.cnf.minisat.log": 0.882758, "neclaftp4002.40.cnf.minisat.log": 0.174141, "qspiflash_dualflexpress_divthree-p046.40.cnf.minisat.log": 0.393304, "shift1add2048.40.cnf.minisat.log": 0.004449, "6s391rb379.40.cnf.minisat.log": 1.37214, "nusmvreactorp1.40.cnf.minisat.log": 0.039646, "pdtvisminmax0.40.cnf.minisat.log": 0.092761, "pdtpmsam2901.40.cnf.minisat.log": 75.1192, "pdtvsar8multip23.40.cnf.minisat.log": 0.151797, "zipversa_composecrc_prf-p07.40.cnf.minisat.log": 0.455005, "qspiflash_dualflexpress_divfive-p022.40.cnf.minisat.log": 0.286335, "eijks349.40.cnf.minisat.log": 0.04083, "beemmcs6f1.40.cnf.minisat.log": 1775.93, "pdtpmstwo.40.cnf.minisat.log": 0.060203, "qspiflash_qflexpress_divfive-p017.40.cnf.minisat.log": 0.187622, "139443p0.40.cnf.minisat.log": 0.199869, "pdtvsar8multip16.40.cnf.minisat.log": 0.158972, "pdtvisblackjack0.40.cnf.minisat.log": 0.089874, "nusmvtcasp2.40.cnf.minisat.log": 0.502562, "qspiflash_qflexpress_divfive-p036.40.cnf.minisat.log": 0.32483, "139452p0.40.cnf.minisat.log": 0.185022, "zipversa_composecrc_prf-p00.40.cnf.minisat.log": 0.094463, "vgasim_imgfifo-p105.40.cnf.minisat.log": 0.604489, "qspiflash_dualflexpress_divthree-p143.40.cnf.minisat.log": 0.332474, "pdtpmsusbphy.40.cnf.minisat.log": 0.08107, "nusmvreactorp6.40.cnf.minisat.log": 0.159409, "nusmvtcastp3.40.cnf.minisat.log": 0.42358, "6s362rb1.40.cnf.minisat.log": 0.201401, "pdtvisvsa16a27.40.cnf.minisat.log": 0.55913, "kenflashp09.40.cnf.minisat.log": 0.865343}, "par2": 172.0286586875001, "mem": {}}