{"data": [9.75249, 0.515202, 0.378829, 0.568577, 124.885, 1.43088, 0.380847, 0.305632, 18.5315, 0.304476, 0.585734, 0.789645, 0.028978, 0.317653, 2.00191, 11.4892, 16.323, 0.060084, 96.6278, 0.621873, 0.430306, 0.317066, 0.560939, 0.293167, 0.313787, 0.686101, 4.16341, 0.361112, 0.320622, 0.327279, 0.928422, 0.145503, 0.298012, 2.92884, 15.8798, 0.736952, 0.433158, 0.694942, 2.67967, 0.063399, 1.23103, 0.35684, 0.372233, 0.708367, 0.020526, 17.7954, 0.05604, 14.6715, 45.6721, 0.400963, 0.182762, 10.6038, 0.322654, 1.58809, 15.0814, 19.1676, 0.334708, 1.56936, 14.972, 14.9326, 14.9473, 0.299151, 0.294336, 0.657676, 1.76628], "map": {"6s43.40.cnf.minisat.log": 9.75249, "elevator.4.prop1-func-interl.40.cnf.minisat.log": 0.515202, "qspiflash_qflexpress_divfive-p107.40.cnf.minisat.log": 0.378829, "qspiflash_dualflexpress_divthree-p034.40.cnf.minisat.log": 0.568577, "eijkbs4863.40.cnf.minisat.log": 124.885, "eijks820.40.cnf.minisat.log": 1.43088, "bobtuint26neg.40.cnf.minisat.log": 0.380847, "qspiflash_qflexpress_divfive-p100.40.cnf.minisat.log": 0.305632, "oc8051gm0caddr.40.cnf.minisat.log": 18.5315, "bobtuint17neg.40.cnf.minisat.log": 0.304476, "qspiflash_qflexpress_divfive-p121.40.cnf.minisat.log": 0.585734, "texaspimainp12.40.cnf.minisat.log": 0.789645, "bobcount.40.cnf.minisat.log": 0.028978, "qspiflash_dualflexpress_divfive-p116.40.cnf.minisat.log": 0.317653, "boblivea.40.cnf.minisat.log": 2.00191, "6s317b14.40.cnf.minisat.log": 11.4892, "oc8051gm2daddr.40.cnf.minisat.log": 16.323, "cmuperiodic.40.cnf.minisat.log": 0.060084, "intersymbol_analog_estimation_convergence.40.cnf.minisat.log": 96.6278, "eijks510.40.cnf.minisat.log": 0.621873, "gen12.40.cnf.minisat.log": 0.430306, "qspiflash_dualflexpress_divthree-p134.40.cnf.minisat.log": 0.317066, "vgasim_imgfifo-p093.40.cnf.minisat.log": 0.560939, "qspiflash_qflexpress_divfive-p137.40.cnf.minisat.log": 0.293167, "qspiflash_dualflexpress_divthree-p094.40.cnf.minisat.log": 0.313787, "pdtswvtma6x4p1.40.cnf.minisat.log": 0.686101, "h_TreeArb.40.cnf.minisat.log": 4.16341, "qspiflash_dualflexpress_divfive-p126.40.cnf.minisat.log": 0.361112, "bobtuint16neg.40.cnf.minisat.log": 0.320622, "qspiflash_dualflexpress_divfive-p009.40.cnf.minisat.log": 0.327279, "6s325rb072.40.cnf.minisat.log": 0.928422, "vis_arrays_am2910_p3.40.cnf.minisat.log": 0.145503, "qspiflash_qflexpress_divfive-p063.40.cnf.minisat.log": 0.298012, "pdtviscoherence4.40.cnf.minisat.log": 2.92884, "oc8051gmc5addr.40.cnf.minisat.log": 15.8798, "pdtvisgigamax4.40.cnf.minisat.log": 0.736952, "gen14.40.cnf.minisat.log": 0.433158, "beembrptwo3b2.40.cnf.minisat.log": 0.694942, "bj08amba2g3f3.40.cnf.minisat.log": 2.67967, "vis_arrays_am2910_p2.40.cnf.minisat.log": 0.063399, "boblivear.40.cnf.minisat.log": 1.23103, "qspiflash_dualflexpress_divthree-p075.40.cnf.minisat.log": 0.35684, "qspiflash_dualflexpress_divfive-p120.40.cnf.minisat.log": 0.372233, "pdtvisgigamax3.40.cnf.minisat.log": 0.708367, "intel001.40.cnf.minisat.log": 0.020526, "oc8051gmb8addr.40.cnf.minisat.log": 17.7954, "bob2.40.cnf.minisat.log": 0.05604, "oc8051gm68addr.40.cnf.minisat.log": 14.6715, "pdtvissoap2.40.cnf.minisat.log": 45.6721, "bobtuint08neg.40.cnf.minisat.log": 0.400963, "kenflashp01.40.cnf.minisat.log": 0.182762, "cal4.40.cnf.minisat.log": 10.6038, "qspiflash_dualflexpress_divthree-p153.40.cnf.minisat.log": 0.322654, "eijks953.40.cnf.minisat.log": 1.58809, "oc8051gmfbaddr.40.cnf.minisat.log": 15.0814, "oc8051gm58addr.40.cnf.minisat.log": 19.1676, "pdtvisvending07.40.cnf.minisat.log": 0.334708, "eijks832.40.cnf.minisat.log": 1.56936, "oc8051gm36addr.40.cnf.minisat.log": 14.972, "oc8051gmcadata.40.cnf.minisat.log": 14.9326, "oc8051gm1edata.40.cnf.minisat.log": 14.9473, "qspiflash_dualflexpress_divthree-p068.40.cnf.minisat.log": 0.299151, "qspiflash_qflexpress_divfive-p067.40.cnf.minisat.log": 0.294336, "pdtvisvending00.40.cnf.minisat.log": 0.657676, "cal41.40.cnf.minisat.log": 1.76628}, "par2": 305.91741064179104, "mem": {}}