{"data": [0.020613, 0.818946, 0.801396, 0.025898, 0.056001, 0.172039, 0.063909, 0.298154, 0.00863, 0.094149, 0.057043, 0.112268, 0.052495, 0.560923, 1.2505, 0.651903, 0.006657, 0.08286, 0.06084, 0.53687, 0.017337, 0.114497, 0.422029, 0.079941, 0.054113, 0.059894, 1.75669, 0.053898, 0.858609, 0.060675, 0.256678, 0.014111, 0.046693, 0.064612, 0.127557, 0.060431, 0.017383, 0.055432, 0.048135, 0.249697, 0.086088, 0.213388, 0.055328, 0.022639, 0.037466, 0.041823, 0.07834, 0.238742, 0.685289, 662.835, 2.15497, 3.00668, 0.475759, 0.730791, 0.887651, 0.452963, 1.65767, 0.285586, 0.023966, 0.050576, 0.498767, 0.05172, 1.41416, 0.014151, 3.53363, 0.294435, 0.037276, 0.125237, 0.282716, 0.059284, 0.067262, 0.016525, 0.050908, 0.403609, 0.0592, 0.682625, 0.050499, 0.025408, 0.062887, 0.510864, 0.059897, 1.19202, 0.023033, 0.264126, 0.063368, 0.027242, 0.848964, 0.044373, 0.057442, 0.039463, 2.25665, 0.038032, 0.418174], "map": {"qspiflash_dualflexpress_divthree-p069.10.cnf.minisat.log": 0.020613, "6s271rb079.10.cnf.minisat.log": 0.818946, "dspfilters_fastfir_second-p21.10.cnf.minisat.log": 0.801396, "qspiflash_dualflexpress_divfive-p127.10.cnf.minisat.log": 0.025898, "zipcpu-busdelay-p00.10.cnf.minisat.log": 0.056001, "kenflashp11.10.cnf.minisat.log": 0.172039, "qspiflash_dualflexpress_divthree-p076.10.cnf.minisat.log": 0.063909, "6s403rb1342.10.cnf.minisat.log": 0.298154, "eijks420.10.cnf.minisat.log": 0.00863, "6s0.10.cnf.minisat.log": 0.094149, "qspiflash_dualflexpress_divthree-p136.10.cnf.minisat.log": 0.057043, "msmie.3.prop1-func-interl.10.cnf.minisat.log": 0.112268, "oc8051gm15addr.10.cnf.minisat.log": 0.052495, "pdtpmscoherence.10.cnf.minisat.log": 0.560923, "bobsmoci.10.cnf.minisat.log": 1.2505, "6s355rb08740.10.cnf.minisat.log": 0.651903, "eijks444.10.cnf.minisat.log": 0.006657, "vgasim_imgfifo-p064.10.cnf.minisat.log": 0.08286, "qspiflash_dualflexpress_divthree-p141.10.cnf.minisat.log": 0.06084, "6s344rb054.10.cnf.minisat.log": 0.53687, "nusmvreactorp4.10.cnf.minisat.log": 0.017337, "zipcpu-zipmmu-p26.10.cnf.minisat.log": 0.114497, "zipcpu-pfcache-p24.10.cnf.minisat.log": 0.422029, "6s194.10.cnf.minisat.log": 0.079941, "qspiflash_dualflexpress_divfive-p133.10.cnf.minisat.log": 0.054113, "qspiflash_dualflexpress_divthree-p012.10.cnf.minisat.log": 0.059894, "6s38.10.cnf.minisat.log": 1.75669, "qspiflash_qflexpress_divfive-p029.10.cnf.minisat.log": 0.053898, "6s271rb045.10.cnf.minisat.log": 0.858609, "qspiflash_qflexpress_divfive-p122.10.cnf.minisat.log": 0.060675, "6s307rb09.10.cnf.minisat.log": 0.256678, "neclabakery001.10.cnf.minisat.log": 0.014111, "oc8051gm12data.10.cnf.minisat.log": 0.046693, "qspiflash_dualflexpress_divthree-p106.10.cnf.minisat.log": 0.064612, "6s326rb08.10.cnf.minisat.log": 0.127557, "qspiflash_dualflexpress_divfive-p136.10.cnf.minisat.log": 0.060431, "vis4arbitp1.10.cnf.minisat.log": 0.017383, "qspiflash_qflexpress_divfive-p104.10.cnf.minisat.log": 0.055432, "bobtuint20neg.10.cnf.minisat.log": 0.048135, "6s277rb292.10.cnf.minisat.log": 0.249697, "beemtrngt4b1.10.cnf.minisat.log": 0.086088, "beemptrsn4b1.10.cnf.minisat.log": 0.213388, "qspiflash_qflexpress_divfive-p038.10.cnf.minisat.log": 0.055328, "qspiflash_dualflexpress_divfive-p050.10.cnf.minisat.log": 0.022639, "beemszmsk1f1.10.cnf.minisat.log": 0.037466, "oc8051gmc6data.10.cnf.minisat.log": 0.041823, "vgasim_imgfifo-p099.10.cnf.minisat.log": 0.07834, "beemtlphn4f1.10.cnf.minisat.log": 0.238742, "dspfilters_fastfir_second-p16.10.cnf.minisat.log": 0.685289, "cal33.10.cnf.minisat.log": 662.835, "6s342rb131.10.cnf.minisat.log": 2.15497, "eijks1423.10.cnf.minisat.log": 3.00668, "picorv32-check-p05.10.cnf.minisat.log": 0.475759, "pgm_protocol.7.prop1-back-serstep.10.cnf.minisat.log": 0.730791, "dspfilters_fastfir_second-p25.10.cnf.minisat.log": 0.887651, "6s273b37.10.cnf.minisat.log": 0.452963, "cal21.10.cnf.minisat.log": 1.65767, "6s275rb318.10.cnf.minisat.log": 0.285586, "qspiflash_dualflexpress_divfive-p161.10.cnf.minisat.log": 0.023966, "zipcpu-busdelay-p46.10.cnf.minisat.log": 0.050576, "6s288r.10.cnf.minisat.log": 0.498767, "zipcpu-busdelay-p36.10.cnf.minisat.log": 0.05172, "pj2016.10.cnf.minisat.log": 1.41416, "pdtvistwoall3.10.cnf.minisat.log": 0.014151, "6s202b41.10.cnf.minisat.log": 3.53363, "6s306rb03.10.cnf.minisat.log": 0.294435, "beemmsmie1f1.10.cnf.minisat.log": 0.037276, "bob05.10.cnf.minisat.log": 0.125237, "pdtvisgoodbakery0.10.cnf.minisat.log": 0.282716, "qspiflash_dualflexpress_divfive-p007.10.cnf.minisat.log": 0.059284, "qspiflash_dualflexpress_divthree-p005.10.cnf.minisat.log": 0.067262, "kenoopp1.10.cnf.minisat.log": 0.016525, "bobtuint18neg.10.cnf.minisat.log": 0.050908, "zipcpu-pfcache-p01.10.cnf.minisat.log": 0.403609, "qspiflash_dualflexpress_divthree-p164.10.cnf.minisat.log": 0.0592, "pdtvisns3p02.10.cnf.minisat.log": 0.682625, "bobtuint09neg.10.cnf.minisat.log": 0.050499, "qspiflash_dualflexpress_divthree-p161.10.cnf.minisat.log": 0.025408, "beemcmbrdg1f1.10.cnf.minisat.log": 0.062887, "6s109.10.cnf.minisat.log": 0.510864, "qspiflash_dualflexpress_divfive-p092.10.cnf.minisat.log": 0.059897, "6s204b19.10.cnf.minisat.log": 1.19202, "eijks386.10.cnf.minisat.log": 0.023033, "6s380b129.10.cnf.minisat.log": 0.264126, "qspiflash_dualflexpress_divthree-p007.10.cnf.minisat.log": 0.063368, "qspiflash_dualflexpress_divthree-p124.10.cnf.minisat.log": 0.027242, "beemlifts2b1.10.cnf.minisat.log": 0.848964, "eijkbs1512.10.cnf.minisat.log": 0.044373, "qspiflash_qflexpress_divfive-p113.10.cnf.minisat.log": 0.057442, "intel020.10.cnf.minisat.log": 0.039463, "pdtpmsns2.10.cnf.minisat.log": 2.25665, "beemlann2f1.10.cnf.minisat.log": 0.038032, "zipcpu-pfcache-p22.10.cnf.minisat.log": 0.418174}, "par2": 889.1935800784316, "mem": {}}