{"data": [0.201, 0.219483, 0.052796, 0.100054, 0.470796, 0.126113, 0.405107], "map": {"6s380b129.10.combined.cnf.minisat.log": 0.201, "6s306rb03.10.combined.cnf.minisat.log": 0.219483, "6s38.10.combined.cnf.minisat.log": 0.052796, "6s326rb08.10.combined.cnf.minisat.log": 0.100054, "6s403rb1342.10.combined.cnf.minisat.log": 0.470796, "6s194.10.combined.cnf.minisat.log": 0.126113, "6s307rb09.10.combined.cnf.minisat.log": 0.405107}, "par2": 0.22504985714285716, "mem": {}}