{"data": [0.545847, 0.738827, 1.03085, 0.956983], "map": {"6s275rb318.60.combined.cnf.minisat.log": 0.545847, "6s194.60.combined.cnf.minisat.log": 0.738827, "6s326rb08.60.combined.cnf.minisat.log": 1.03085, "6s277rb292.60.combined.cnf.minisat.log": 0.956983}, "par2": 0.81812675, "mem": {}}