{"data": [29.3277, 1.4287, 0.75516, 1.47296, 0.114983, 242.697, 0.521024, 0.13376, 0.016041, 0.008757, 0.239139, 0.133103, 0.136395, 0.151616, 0.142539, 0.042466, 0.528652, 0.398557, 0.118913, 0.112678, 6.65834, 0.311945, 0.227369, 0.272087, 0.436936, 0.139186, 0.339442, 0.131731, 0.592385, 0.941103, 0.135157, 0.126051, 0.086249, 1.61435, 0.148633, 0.074315, 0.204546, 0.19635, 0.249361, 0.770807, 0.222741, 0.869614, 0.261328, 0.1317, 0.162824, 0.784117, 0.030745, 0.755777, 0.730335, 0.272376, 1.95314, 0.009495, 0.833306, 0.356448, 0.130748, 2.38736, 0.247902, 0.833227, 0.139315, 0.132662, 0.040987, 0.12432, 0.027692, 0.232421, 0.13598, 0.807277, 0.04637, 0.858588], "map": {"eijkbs4863.20.cnf.minisat.log": 29.3277, "picorv32-check-p12.20.cnf.minisat.log": 1.4287, "oc8051gm2daddr.20.cnf.minisat.log": 0.75516, "pdtvissoap2.20.cnf.minisat.log": 1.47296, "qspiflash_qflexpress_divfive-p137.20.cnf.minisat.log": 0.114983, "6s173.20.cnf.minisat.log": 242.697, "cal41.20.cnf.minisat.log": 0.521024, "qspiflash_dualflexpress_divthree-p034.20.cnf.minisat.log": 0.13376, "bob2.20.cnf.minisat.log": 0.016041, "intel001.20.cnf.minisat.log": 0.008757, "pdtswvtma6x4p1.20.cnf.minisat.log": 0.239139, "qspiflash_dualflexpress_divfive-p126.20.cnf.minisat.log": 0.133103, "qspiflash_dualflexpress_divfive-p009.20.cnf.minisat.log": 0.136395, "bobtuint08neg.20.cnf.minisat.log": 0.151616, "elevator.4.prop1-func-interl.20.cnf.minisat.log": 0.142539, "qspiflash_qflexpress_divfive-p063.20.cnf.minisat.log": 0.042466, "pdtviscoherence4.20.cnf.minisat.log": 0.528652, "eijks832.20.cnf.minisat.log": 0.398557, "qspiflash_qflexpress_divfive-p107.20.cnf.minisat.log": 0.118913, "pdtvisvending07.20.cnf.minisat.log": 0.112678, "cal4.20.cnf.minisat.log": 6.65834, "eijks953.20.cnf.minisat.log": 0.311945, "gen14.20.cnf.minisat.log": 0.227369, "boblivear.20.cnf.minisat.log": 0.272087, "6s325rb072.20.cnf.minisat.log": 0.436936, "qspiflash_dualflexpress_divthree-p094.20.cnf.minisat.log": 0.139186, "texaspimainp12.20.cnf.minisat.log": 0.339442, "qspiflash_qflexpress_divfive-p121.20.cnf.minisat.log": 0.131731, "bj08amba2g3f3.20.cnf.minisat.log": 0.592385, "oc8051gm0caddr.20.cnf.minisat.log": 0.941103, "qspiflash_dualflexpress_divthree-p134.20.cnf.minisat.log": 0.135157, "qspiflash_qflexpress_divfive-p100.20.cnf.minisat.log": 0.126051, "kenflashp01.20.cnf.minisat.log": 0.086249, "intersymbol_analog_estimation_convergence.20.cnf.minisat.log": 1.61435, "qspiflash_dualflexpress_divfive-p116.20.cnf.minisat.log": 0.148633, "vis_arrays_am2910_p3.20.cnf.minisat.log": 0.074315, "beembrptwo3b2.20.cnf.minisat.log": 0.204546, "pdtvisvending00.20.cnf.minisat.log": 0.19635, "vgasim_imgfifo-p093.20.cnf.minisat.log": 0.249361, "oc8051gmcadata.20.cnf.minisat.log": 0.770807, "gen12.20.cnf.minisat.log": 0.222741, "oc8051gm36addr.20.cnf.minisat.log": 0.869614, "h_TreeArb.20.cnf.minisat.log": 0.261328, "bobtuint16neg.20.cnf.minisat.log": 0.1317, "qspiflash_dualflexpress_divthree-p075.20.cnf.minisat.log": 0.162824, "6s43.20.cnf.minisat.log": 0.784117, "vis_arrays_am2910_p2.20.cnf.minisat.log": 0.030745, "oc8051gm58addr.20.cnf.minisat.log": 0.755777, "oc8051gmfbaddr.20.cnf.minisat.log": 0.730335, "boblivea.20.cnf.minisat.log": 0.272376, "6s317b14.20.cnf.minisat.log": 1.95314, "bobcount.20.cnf.minisat.log": 0.009495, "oc8051gm1edata.20.cnf.minisat.log": 0.833306, "eijks820.20.cnf.minisat.log": 0.356448, "qspiflash_qflexpress_divfive-p067.20.cnf.minisat.log": 0.130748, "pj2018.20.cnf.minisat.log": 2.38736, "pdtvisgigamax4.20.cnf.minisat.log": 0.247902, "oc8051gmc5addr.20.cnf.minisat.log": 0.833227, "eijks510.20.cnf.minisat.log": 0.139315, "bobtuint26neg.20.cnf.minisat.log": 0.132662, "qspiflash_dualflexpress_divthree-p068.20.cnf.minisat.log": 0.040987, "bobtuint17neg.20.cnf.minisat.log": 0.12432, "cmuperiodic.20.cnf.minisat.log": 0.027692, "pdtvisgigamax3.20.cnf.minisat.log": 0.232421, "qspiflash_dualflexpress_divfive-p120.20.cnf.minisat.log": 0.13598, "oc8051gm68addr.20.cnf.minisat.log": 0.807277, "qspiflash_dualflexpress_divthree-p153.20.cnf.minisat.log": 0.04637, "oc8051gmb8addr.20.cnf.minisat.log": 0.858588}, "par2": 149.35732291304348, "mem": {}}