{"data": [31.1088, 1.40699, 0.853395, 1.6495, 0.121291, 252.337, 0.520132, 0.15301, 0.014494, 0.010257, 0.278136, 0.126362, 0.138818, 0.126266, 0.141557, 0.041847, 0.512999, 0.407832, 0.121265, 0.111583, 6.88723, 0.309083, 0.213122, 0.277282, 0.433846, 0.133156, 0.328761, 0.136769, 0.591302, 0.803926, 0.132757, 0.125764, 0.090201, 1.6649, 0.139776, 0.067451, 0.20895, 0.213012, 0.289876, 0.902706, 0.211002, 0.978994, 0.246147, 0.127967, 0.142259, 0.778691, 0.025852, 0.768303, 0.775266, 0.261583, 1.77561, 0.008609, 0.812582, 0.360823, 0.143176, 2.39448, 0.256148, 0.849193, 0.143954, 0.119795, 0.049917, 0.128918, 0.025598, 0.236518, 0.138265, 0.955442, 0.050427, 0.961148], "map": {"eijkbs4863.20.cnf.minisat.log": 31.1088, "picorv32-check-p12.20.cnf.minisat.log": 1.40699, "oc8051gm2daddr.20.cnf.minisat.log": 0.853395, "pdtvissoap2.20.cnf.minisat.log": 1.6495, "qspiflash_qflexpress_divfive-p137.20.cnf.minisat.log": 0.121291, "6s173.20.cnf.minisat.log": 252.337, "cal41.20.cnf.minisat.log": 0.520132, "qspiflash_dualflexpress_divthree-p034.20.cnf.minisat.log": 0.15301, "bob2.20.cnf.minisat.log": 0.014494, "intel001.20.cnf.minisat.log": 0.010257, "pdtswvtma6x4p1.20.cnf.minisat.log": 0.278136, "qspiflash_dualflexpress_divfive-p126.20.cnf.minisat.log": 0.126362, "qspiflash_dualflexpress_divfive-p009.20.cnf.minisat.log": 0.138818, "bobtuint08neg.20.cnf.minisat.log": 0.126266, "elevator.4.prop1-func-interl.20.cnf.minisat.log": 0.141557, "qspiflash_qflexpress_divfive-p063.20.cnf.minisat.log": 0.041847, "pdtviscoherence4.20.cnf.minisat.log": 0.512999, "eijks832.20.cnf.minisat.log": 0.407832, "qspiflash_qflexpress_divfive-p107.20.cnf.minisat.log": 0.121265, "pdtvisvending07.20.cnf.minisat.log": 0.111583, "cal4.20.cnf.minisat.log": 6.88723, "eijks953.20.cnf.minisat.log": 0.309083, "gen14.20.cnf.minisat.log": 0.213122, "boblivear.20.cnf.minisat.log": 0.277282, "6s325rb072.20.cnf.minisat.log": 0.433846, "qspiflash_dualflexpress_divthree-p094.20.cnf.minisat.log": 0.133156, "texaspimainp12.20.cnf.minisat.log": 0.328761, "qspiflash_qflexpress_divfive-p121.20.cnf.minisat.log": 0.136769, "bj08amba2g3f3.20.cnf.minisat.log": 0.591302, "oc8051gm0caddr.20.cnf.minisat.log": 0.803926, "qspiflash_dualflexpress_divthree-p134.20.cnf.minisat.log": 0.132757, "qspiflash_qflexpress_divfive-p100.20.cnf.minisat.log": 0.125764, "kenflashp01.20.cnf.minisat.log": 0.090201, "intersymbol_analog_estimation_convergence.20.cnf.minisat.log": 1.6649, "qspiflash_dualflexpress_divfive-p116.20.cnf.minisat.log": 0.139776, "vis_arrays_am2910_p3.20.cnf.minisat.log": 0.067451, "beembrptwo3b2.20.cnf.minisat.log": 0.20895, "pdtvisvending00.20.cnf.minisat.log": 0.213012, "vgasim_imgfifo-p093.20.cnf.minisat.log": 0.289876, "oc8051gmcadata.20.cnf.minisat.log": 0.902706, "gen12.20.cnf.minisat.log": 0.211002, "oc8051gm36addr.20.cnf.minisat.log": 0.978994, "h_TreeArb.20.cnf.minisat.log": 0.246147, "bobtuint16neg.20.cnf.minisat.log": 0.127967, "qspiflash_dualflexpress_divthree-p075.20.cnf.minisat.log": 0.142259, "6s43.20.cnf.minisat.log": 0.778691, "vis_arrays_am2910_p2.20.cnf.minisat.log": 0.025852, "oc8051gm58addr.20.cnf.minisat.log": 0.768303, "oc8051gmfbaddr.20.cnf.minisat.log": 0.775266, "boblivea.20.cnf.minisat.log": 0.261583, "6s317b14.20.cnf.minisat.log": 1.77561, "bobcount.20.cnf.minisat.log": 0.008609, "oc8051gm1edata.20.cnf.minisat.log": 0.812582, "eijks820.20.cnf.minisat.log": 0.360823, "qspiflash_qflexpress_divfive-p067.20.cnf.minisat.log": 0.143176, "pj2018.20.cnf.minisat.log": 2.39448, "pdtvisgigamax4.20.cnf.minisat.log": 0.256148, "oc8051gmc5addr.20.cnf.minisat.log": 0.849193, "eijks510.20.cnf.minisat.log": 0.143954, "bobtuint26neg.20.cnf.minisat.log": 0.119795, "qspiflash_dualflexpress_divthree-p068.20.cnf.minisat.log": 0.049917, "bobtuint17neg.20.cnf.minisat.log": 0.128918, "cmuperiodic.20.cnf.minisat.log": 0.025598, "pdtvisgigamax3.20.cnf.minisat.log": 0.236518, "qspiflash_dualflexpress_divfive-p120.20.cnf.minisat.log": 0.138265, "oc8051gm68addr.20.cnf.minisat.log": 0.955442, "qspiflash_dualflexpress_divthree-p153.20.cnf.minisat.log": 0.050427, "oc8051gmb8addr.20.cnf.minisat.log": 0.961148}, "par2": 149.534174942029, "mem": {}}