{"data": [0.172139, 0.044074, 0.875552, 9.60007, 0.609681, 114.82, 0.253456, 0.689219, 0.653101, 1.32977, 0.133577, 1.12276, 0.127037, 0.262832, 0.26144, 33.8545, 0.231037, 0.670624, 0.134931, 1.45371, 0.147604, 4.73559, 0.134229, 24.4106, 0.194262, 0.070294, 0.141502, 0.131249, 24.0848, 26.9415, 0.228579, 0.023719, 0.128363, 0.650234, 0.043327, 0.135372, 0.151404, 61.406, 0.220395, 0.172294, 0.884532, 0.370747, 0.821169, 0.676215, 0.145179, 0.163359, 0.048466, 0.127939, 0.048875, 0.074453, 0.12924, 0.1939, 4.67637, 0.083662, 0.023279, 0.572109, 0.147843, 0.156172, 1.30657, 0.134225, 26.0016, 0.791674, 0.503412, 0.048985, 0.13782, 0.755145, 0.150421, 0.773393, 0.118308, 645.147, 0.746249, 69.2156, 0.130913, 0.040848, 0.241074, 15.3349], "map": {"qspiflash_dualflexpress_divthree-p164.20.cnf.minisat.log": 0.172139, "qspiflash_dualflexpress_divfive-p127.20.cnf.minisat.log": 0.044074, "zipcpu-pfcache-p24.20.cnf.minisat.log": 0.875552, "cal21.20.cnf.minisat.log": 9.60007, "zipcpu-busdelay-p00.20.cnf.minisat.log": 0.609681, "pdtpmscoherence.20.cnf.minisat.log": 114.82, "qspiflash_dualflexpress_divthree-p005.20.cnf.minisat.log": 0.253456, "cal140.20.cnf.minisat.log": 0.689219, "zipcpu-zipmmu-p26.20.cnf.minisat.log": 0.653101, "bob05.20.cnf.minisat.log": 1.32977, "qspiflash_qflexpress_divfive-p029.20.cnf.minisat.log": 0.133577, "beemlann2f1.20.cnf.minisat.log": 1.12276, "qspiflash_dualflexpress_divfive-p133.20.cnf.minisat.log": 0.127037, "eijkbs1512.20.cnf.minisat.log": 0.262832, "vgasim_imgfifo-p064.20.cnf.minisat.log": 0.26144, "beemptrsn4b1.20.cnf.minisat.log": 33.8545, "beemtrngt4b1.20.cnf.minisat.log": 0.231037, "6s275rb318.20.cnf.minisat.log": 0.670624, "bobtuint20neg.20.cnf.minisat.log": 0.134931, "picorv32-check-p05.20.cnf.minisat.log": 1.45371, "qspiflash_qflexpress_divfive-p122.20.cnf.minisat.log": 0.147604, "beemtlphn4f1.20.cnf.minisat.log": 4.73559, "qspiflash_dualflexpress_divthree-p124.20.cnf.minisat.log": 0.134229, "6s109.20.cnf.minisat.log": 24.4106, "qspiflash_dualflexpress_divthree-p007.20.cnf.minisat.log": 0.194262, "eijks420.20.cnf.minisat.log": 0.070294, "qspiflash_dualflexpress_divfive-p136.20.cnf.minisat.log": 0.141502, "beemszmsk1f1.20.cnf.minisat.log": 0.131249, "pdtpmsns2.20.cnf.minisat.log": 24.0848, "bobsmoci.20.cnf.minisat.log": 26.9415, "vgasim_imgfifo-p099.20.cnf.minisat.log": 0.228579, "eijks444.20.cnf.minisat.log": 0.023719, "qspiflash_dualflexpress_divfive-p050.20.cnf.minisat.log": 0.128363, "cal99.20.cnf.minisat.log": 0.650234, "qspiflash_dualflexpress_divthree-p161.20.cnf.minisat.log": 0.043327, "qspiflash_qflexpress_divfive-p104.20.cnf.minisat.log": 0.135372, "qspiflash_qflexpress_divfive-p038.20.cnf.minisat.log": 0.151404, "6s38.20.cnf.minisat.log": 61.406, "beemmsmie1f1.20.cnf.minisat.log": 0.220395, "qspiflash_dualflexpress_divthree-p012.20.cnf.minisat.log": 0.172294, "zipcpu-pfcache-p01.20.cnf.minisat.log": 0.884532, "zipcpu-busdelay-p46.20.cnf.minisat.log": 0.370747, "oc8051gm15addr.20.cnf.minisat.log": 0.821169, "zipcpu-busdelay-p36.20.cnf.minisat.log": 0.676215, "qspiflash_dualflexpress_divthree-p141.20.cnf.minisat.log": 0.145179, "vis4arbitp1.20.cnf.minisat.log": 0.163359, "qspiflash_dualflexpress_divfive-p161.20.cnf.minisat.log": 0.048466, "bobtuint18neg.20.cnf.minisat.log": 0.127939, "nusmvreactorp4.20.cnf.minisat.log": 0.048875, "eijks386.20.cnf.minisat.log": 0.074453, "qspiflash_dualflexpress_divthree-p136.20.cnf.minisat.log": 0.12924, "qspiflash_dualflexpress_divfive-p007.20.cnf.minisat.log": 0.1939, "msmie.3.prop1-func-interl.20.cnf.minisat.log": 4.67637, "intel020.20.cnf.minisat.log": 0.083662, "pdtvistwoall3.20.cnf.minisat.log": 0.023279, "6s277rb292.20.cnf.minisat.log": 0.572109, "qspiflash_dualflexpress_divthree-p076.20.cnf.minisat.log": 0.147843, "6s194.20.cnf.minisat.log": 0.156172, "pdtvisgoodbakery0.20.cnf.minisat.log": 1.30657, "qspiflash_dualflexpress_divthree-p069.20.cnf.minisat.log": 0.134225, "beemlifts2b1.20.cnf.minisat.log": 26.0016, "zipcpu-pfcache-p22.20.cnf.minisat.log": 0.791674, "kenflashp11.20.cnf.minisat.log": 0.503412, "neclabakery001.20.cnf.minisat.log": 0.048985, "qspiflash_dualflexpress_divfive-p092.20.cnf.minisat.log": 0.13782, "oc8051gm12data.20.cnf.minisat.log": 0.755145, "qspiflash_qflexpress_divfive-p113.20.cnf.minisat.log": 0.150421, "oc8051gmc6data.20.cnf.minisat.log": 0.773393, "bobtuint09neg.20.cnf.minisat.log": 0.118308, "pdtvisns3p02.20.cnf.minisat.log": 645.147, "cal122.20.cnf.minisat.log": 0.746249, "6s0.20.cnf.minisat.log": 69.2156, "qspiflash_dualflexpress_divthree-p106.20.cnf.minisat.log": 0.130913, "kenoopp1.20.cnf.minisat.log": 0.040848, "6s326rb08.20.cnf.minisat.log": 0.241074, "beemcmbrdg1f1.20.cnf.minisat.log": 15.3349}, "par2": 744.906981378049, "mem": {}}