{"data": [0.146509, 0.045342, 0.922986, 9.64705, 0.646056, 110.271, 0.239174, 0.701332, 0.581478, 1.41722, 0.154101, 1.05884, 0.132685, 0.263751, 0.240278, 32.2592, 0.258783, 0.645141, 0.119797, 1.41909, 0.119183, 4.81642, 0.1471, 21.8378, 0.180205, 0.070018, 0.128719, 0.112332, 23.426, 33.6146, 0.231098, 0.024345, 0.132727, 0.639965, 0.04039, 0.154853, 0.136402, 85.1895, 0.2309, 0.181256, 0.930287, 0.393138, 0.823803, 0.713825, 0.148681, 0.165112, 0.052325, 0.121827, 0.053038, 0.079227, 0.126688, 0.193341, 4.73725, 0.087815, 0.024263, 0.601404, 0.170259, 0.147623, 1.19991, 0.134281, 25.0949, 0.804322, 0.475311, 0.046554, 0.138765, 0.797076, 0.139856, 0.800607, 0.125917, 642.458, 0.62726, 57.9761, 0.133462, 0.038952, 0.236943, 15.3792], "map": {"qspiflash_dualflexpress_divthree-p164.20.cnf.minisat.log": 0.146509, "qspiflash_dualflexpress_divfive-p127.20.cnf.minisat.log": 0.045342, "zipcpu-pfcache-p24.20.cnf.minisat.log": 0.922986, "cal21.20.cnf.minisat.log": 9.64705, "zipcpu-busdelay-p00.20.cnf.minisat.log": 0.646056, "pdtpmscoherence.20.cnf.minisat.log": 110.271, "qspiflash_dualflexpress_divthree-p005.20.cnf.minisat.log": 0.239174, "cal140.20.cnf.minisat.log": 0.701332, "zipcpu-zipmmu-p26.20.cnf.minisat.log": 0.581478, "bob05.20.cnf.minisat.log": 1.41722, "qspiflash_qflexpress_divfive-p029.20.cnf.minisat.log": 0.154101, "beemlann2f1.20.cnf.minisat.log": 1.05884, "qspiflash_dualflexpress_divfive-p133.20.cnf.minisat.log": 0.132685, "eijkbs1512.20.cnf.minisat.log": 0.263751, "vgasim_imgfifo-p064.20.cnf.minisat.log": 0.240278, "beemptrsn4b1.20.cnf.minisat.log": 32.2592, "beemtrngt4b1.20.cnf.minisat.log": 0.258783, "6s275rb318.20.cnf.minisat.log": 0.645141, "bobtuint20neg.20.cnf.minisat.log": 0.119797, "picorv32-check-p05.20.cnf.minisat.log": 1.41909, "qspiflash_qflexpress_divfive-p122.20.cnf.minisat.log": 0.119183, "beemtlphn4f1.20.cnf.minisat.log": 4.81642, "qspiflash_dualflexpress_divthree-p124.20.cnf.minisat.log": 0.1471, "6s109.20.cnf.minisat.log": 21.8378, "qspiflash_dualflexpress_divthree-p007.20.cnf.minisat.log": 0.180205, "eijks420.20.cnf.minisat.log": 0.070018, "qspiflash_dualflexpress_divfive-p136.20.cnf.minisat.log": 0.128719, "beemszmsk1f1.20.cnf.minisat.log": 0.112332, "pdtpmsns2.20.cnf.minisat.log": 23.426, "bobsmoci.20.cnf.minisat.log": 33.6146, "vgasim_imgfifo-p099.20.cnf.minisat.log": 0.231098, "eijks444.20.cnf.minisat.log": 0.024345, "qspiflash_dualflexpress_divfive-p050.20.cnf.minisat.log": 0.132727, "cal99.20.cnf.minisat.log": 0.639965, "qspiflash_dualflexpress_divthree-p161.20.cnf.minisat.log": 0.04039, "qspiflash_qflexpress_divfive-p104.20.cnf.minisat.log": 0.154853, "qspiflash_qflexpress_divfive-p038.20.cnf.minisat.log": 0.136402, "6s38.20.cnf.minisat.log": 85.1895, "beemmsmie1f1.20.cnf.minisat.log": 0.2309, "qspiflash_dualflexpress_divthree-p012.20.cnf.minisat.log": 0.181256, "zipcpu-pfcache-p01.20.cnf.minisat.log": 0.930287, "zipcpu-busdelay-p46.20.cnf.minisat.log": 0.393138, "oc8051gm15addr.20.cnf.minisat.log": 0.823803, "zipcpu-busdelay-p36.20.cnf.minisat.log": 0.713825, "qspiflash_dualflexpress_divthree-p141.20.cnf.minisat.log": 0.148681, "vis4arbitp1.20.cnf.minisat.log": 0.165112, "qspiflash_dualflexpress_divfive-p161.20.cnf.minisat.log": 0.052325, "bobtuint18neg.20.cnf.minisat.log": 0.121827, "nusmvreactorp4.20.cnf.minisat.log": 0.053038, "eijks386.20.cnf.minisat.log": 0.079227, "qspiflash_dualflexpress_divthree-p136.20.cnf.minisat.log": 0.126688, "qspiflash_dualflexpress_divfive-p007.20.cnf.minisat.log": 0.193341, "msmie.3.prop1-func-interl.20.cnf.minisat.log": 4.73725, "intel020.20.cnf.minisat.log": 0.087815, "pdtvistwoall3.20.cnf.minisat.log": 0.024263, "6s277rb292.20.cnf.minisat.log": 0.601404, "qspiflash_dualflexpress_divthree-p076.20.cnf.minisat.log": 0.170259, "6s194.20.cnf.minisat.log": 0.147623, "pdtvisgoodbakery0.20.cnf.minisat.log": 1.19991, "qspiflash_dualflexpress_divthree-p069.20.cnf.minisat.log": 0.134281, "beemlifts2b1.20.cnf.minisat.log": 25.0949, "zipcpu-pfcache-p22.20.cnf.minisat.log": 0.804322, "kenflashp11.20.cnf.minisat.log": 0.475311, "neclabakery001.20.cnf.minisat.log": 0.046554, "qspiflash_dualflexpress_divfive-p092.20.cnf.minisat.log": 0.138765, "oc8051gm12data.20.cnf.minisat.log": 0.797076, "qspiflash_qflexpress_divfive-p113.20.cnf.minisat.log": 0.139856, "oc8051gmc6data.20.cnf.minisat.log": 0.800607, "bobtuint09neg.20.cnf.minisat.log": 0.125917, "pdtvisns3p02.20.cnf.minisat.log": 642.458, "cal122.20.cnf.minisat.log": 0.62726, "6s0.20.cnf.minisat.log": 57.9761, "qspiflash_dualflexpress_divthree-p106.20.cnf.minisat.log": 0.133462, "kenoopp1.20.cnf.minisat.log": 0.038952, "6s326rb08.20.cnf.minisat.log": 0.236943, "beemcmbrdg1f1.20.cnf.minisat.log": 15.3792}, "par2": 744.984889609756, "mem": {}}