{"data": [4269.4, 1.59469, 0.48891, 0.312429, 0.040369, 0.347857, 0.476756, 397.961, 0.395396, 1.89503, 0.454412, 41.3693, 24.7101, 0.308956, 0.4711, 9.49429, 0.37533, 1.55539, 0.361037, 0.337935, 0.453565, 1.20678, 5192.21, 4.70493, 0.304035, 1487.82, 0.818808, 0.329952, 0.604296, 0.16609, 0.384175, 19.1113, 1.27374, 0.314718, 0.461794, 204.114, 3.6374, 0.086362, 60.6334, 34.776, 16.9296, 0.447342, 0.728897, 1.67476, 15.2439, 0.497421, 0.293059, 2.18204, 0.53131, 0.205405, 0.447536, 21.4516, 0.353384, 0.18228, 1.76227, 0.301727, 0.402247], "map": {"beemlann2f1.40.cnf.minisat.log": 4269.4, "qspiflash_dualflexpress_divthree-p007.40.cnf.minisat.log": 1.59469, "qspiflash_dualflexpress_divthree-p124.40.cnf.minisat.log": 0.48891, "6s194.40.cnf.minisat.log": 0.312429, "pdtvistwoall3.40.cnf.minisat.log": 0.040369, "qspiflash_qflexpress_divfive-p104.40.cnf.minisat.log": 0.347857, "eijks420.40.cnf.minisat.log": 0.476756, "bobsmoci.40.cnf.minisat.log": 397.961, "qspiflash_qflexpress_divfive-p038.40.cnf.minisat.log": 0.395396, "eijks444.40.cnf.minisat.log": 1.89503, "qspiflash_dualflexpress_divfive-p092.40.cnf.minisat.log": 0.454412, "pdtvisgoodbakery0.40.cnf.minisat.log": 41.3693, "zipcpu-busdelay-p46.40.cnf.minisat.log": 24.7101, "qspiflash_qflexpress_divfive-p122.40.cnf.minisat.log": 0.308956, "qspiflash_dualflexpress_divthree-p161.40.cnf.minisat.log": 0.4711, "zipcpu-busdelay-p36.40.cnf.minisat.log": 9.49429, "bobtuint18neg.40.cnf.minisat.log": 0.37533, "qspiflash_dualflexpress_divthree-p005.40.cnf.minisat.log": 1.55539, "bobtuint09neg.40.cnf.minisat.log": 0.361037, "qspiflash_qflexpress_divfive-p029.40.cnf.minisat.log": 0.337935, "qspiflash_dualflexpress_divthree-p164.40.cnf.minisat.log": 0.453565, "qspiflash_dualflexpress_divfive-p007.40.cnf.minisat.log": 1.20678, "beemtlphn4f1.40.cnf.minisat.log": 5192.21, "beemszmsk1f1.40.cnf.minisat.log": 4.70493, "qspiflash_dualflexpress_divfive-p161.40.cnf.minisat.log": 0.304035, "6s38.40.cnf.minisat.log": 1487.82, "beemtrngt4b1.40.cnf.minisat.log": 0.818808, "qspiflash_qflexpress_divfive-p113.40.cnf.minisat.log": 0.329952, "vgasim_imgfifo-p064.40.cnf.minisat.log": 0.604296, "nusmvreactorp4.40.cnf.minisat.log": 0.16609, "qspiflash_dualflexpress_divfive-p050.40.cnf.minisat.log": 0.384175, "zipcpu-busdelay-p00.40.cnf.minisat.log": 19.1113, "vis4arbitp1.40.cnf.minisat.log": 1.27374, "qspiflash_dualflexpress_divthree-p106.40.cnf.minisat.log": 0.314718, "qspiflash_dualflexpress_divfive-p136.40.cnf.minisat.log": 0.461794, "pdtpmsns2.40.cnf.minisat.log": 204.114, "zipcpu-zipmmu-p26.40.cnf.minisat.log": 3.6374, "kenoopp1.40.cnf.minisat.log": 0.086362, "beemmsmie1f1.40.cnf.minisat.log": 60.6334, "cal21.40.cnf.minisat.log": 34.776, "oc8051gm15addr.40.cnf.minisat.log": 16.9296, "qspiflash_dualflexpress_divfive-p133.40.cnf.minisat.log": 0.447342, "vgasim_imgfifo-p099.40.cnf.minisat.log": 0.728897, "qspiflash_dualflexpress_divthree-p012.40.cnf.minisat.log": 1.67476, "oc8051gmc6data.40.cnf.minisat.log": 15.2439, "qspiflash_dualflexpress_divthree-p141.40.cnf.minisat.log": 0.497421, "neclabakery001.40.cnf.minisat.log": 0.293059, "eijkbs1512.40.cnf.minisat.log": 2.18204, "qspiflash_dualflexpress_divthree-p076.40.cnf.minisat.log": 0.53131, "eijks386.40.cnf.minisat.log": 0.205405, "qspiflash_dualflexpress_divthree-p069.40.cnf.minisat.log": 0.447536, "oc8051gm12data.40.cnf.minisat.log": 21.4516, "bobtuint20neg.40.cnf.minisat.log": 0.353384, "intel020.40.cnf.minisat.log": 0.18228, "kenflashp11.40.cnf.minisat.log": 1.76227, "qspiflash_dualflexpress_divfive-p127.40.cnf.minisat.log": 0.301727, "qspiflash_dualflexpress_divthree-p136.40.cnf.minisat.log": 0.402247}, "par2": 1542.869642575758, "mem": {}}