{"data": [1.38219, 1.41819, 0.787162, 0.582033, 298.158, 1.68553, 8.25065, 3.23652, 6.04621, 0.587428, 0.858351, 0.498505, 0.684723, 0.066562, 6.63359, 35.8101, 3.00485, 0.088521, 0.550894, 0.076629, 0.713803, 0.935314, 1.02251, 0.532791, 1.96036, 17.7017, 0.696012, 0.679867, 0.122147, 0.896662, 0.629361, 1.26821, 0.666695, 0.590453, 2.93453, 0.611521, 0.027372, 1.81625, 0.543818, 1.19635, 2.48784, 0.609264, 445.872, 281.222, 5.02739, 0.753654, 26.2383, 2.92061, 0.31534, 1.15683, 0.25077, 3.19598, 0.531014, 0.618358], "map": {"qspiflash_qflexpress_divfive-p121.60.cnf.minisat.log": 1.38219, "texaspimainp12.60.cnf.minisat.log": 1.41819, "gen12.60.cnf.minisat.log": 0.787162, "qspiflash_qflexpress_divfive-p100.60.cnf.minisat.log": 0.582033, "intersymbol_analog_estimation_convergence.60.cnf.minisat.log": 298.158, "pdtvisvending00.60.cnf.minisat.log": 1.68553, "cal4.60.cnf.minisat.log": 8.25065, "beembrptwo3b2.60.cnf.minisat.log": 3.23652, "bj08amba2g3f3.60.cnf.minisat.log": 6.04621, "qspiflash_dualflexpress_divthree-p153.60.cnf.minisat.log": 0.587428, "pdtvisvending07.60.cnf.minisat.log": 0.858351, "qspiflash_qflexpress_divfive-p107.60.cnf.minisat.log": 0.498505, "qspiflash_dualflexpress_divfive-p116.60.cnf.minisat.log": 0.684723, "bobcount.60.cnf.minisat.log": 0.066562, "boblivea.60.cnf.minisat.log": 6.63359, "6s317b14.60.cnf.minisat.log": 35.8101, "eijks820.60.cnf.minisat.log": 3.00485, "vis_arrays_am2910_p2.60.cnf.minisat.log": 0.088521, "qspiflash_dualflexpress_divthree-p068.60.cnf.minisat.log": 0.550894, "cmuperiodic.60.cnf.minisat.log": 0.076629, "bobtuint08neg.60.cnf.minisat.log": 0.713803, "vgasim_imgfifo-p093.60.cnf.minisat.log": 0.935314, "pdtswvtma6x4p1.60.cnf.minisat.log": 1.02251, "qspiflash_qflexpress_divfive-p063.60.cnf.minisat.log": 0.532791, "eijks510.60.cnf.minisat.log": 1.96036, "h_TreeArb.60.cnf.minisat.log": 17.7017, "qspiflash_dualflexpress_divfive-p009.60.cnf.minisat.log": 0.696012, "qspiflash_dualflexpress_divthree-p075.60.cnf.minisat.log": 0.679867, "bob2.60.cnf.minisat.log": 0.122147, "qspiflash_dualflexpress_divfive-p126.60.cnf.minisat.log": 0.896662, "qspiflash_qflexpress_divfive-p137.60.cnf.minisat.log": 0.629361, "pdtvisgigamax3.60.cnf.minisat.log": 1.26821, "qspiflash_dualflexpress_divthree-p134.60.cnf.minisat.log": 0.666695, "qspiflash_dualflexpress_divthree-p094.60.cnf.minisat.log": 0.590453, "boblivear.60.cnf.minisat.log": 2.93453, "bobtuint26neg.60.cnf.minisat.log": 0.611521, "intel001.60.cnf.minisat.log": 0.027372, "elevator.4.prop1-func-interl.60.cnf.minisat.log": 1.81625, "bobtuint17neg.60.cnf.minisat.log": 0.543818, "pdtvisgigamax4.60.cnf.minisat.log": 1.19635, "cal41.60.cnf.minisat.log": 2.48784, "qspiflash_dualflexpress_divfive-p120.60.cnf.minisat.log": 0.609264, "eijkbs4863.60.cnf.minisat.log": 445.872, "pdtvissoap2.60.cnf.minisat.log": 281.222, "pdtviscoherence4.60.cnf.minisat.log": 5.02739, "gen14.60.cnf.minisat.log": 0.753654, "6s43.60.cnf.minisat.log": 26.2383, "eijks832.60.cnf.minisat.log": 2.92061, "kenflashp01.60.cnf.minisat.log": 0.31534, "qspiflash_dualflexpress_divthree-p034.60.cnf.minisat.log": 1.15683, "vis_arrays_am2910_p3.60.cnf.minisat.log": 0.25077, "eijks953.60.cnf.minisat.log": 3.19598, "qspiflash_qflexpress_divfive-p067.60.cnf.minisat.log": 0.531014, "bobtuint16neg.60.cnf.minisat.log": 0.618358}, "par2": 203.22094025454547, "mem": {}}