{"data": [0.071326, 0.000565, 0.114559, 0.052963, 0.006777, 0.000813, 0.46179, 1.09668, 0.013221, 0.039808, 0.045804, 0.057747, 0.015848, 1.08986, 0.102745, 0.073654, 0.226904, 0.058729, 0.087574, 0.014206, 0.024671, 0.077414, 0.056032, 0.001717, 1.17203, 0.388181, 0.194847, 0.023154, 0.020516, 0.886042, 0.186732, 0.204593, 0.057876, 0.132329, 0.023984, 0.0, 0.021301, 1.12488, 0.43364, 0.444341, 0.179898, 0.063359, 0.055365, 0.273916, 0.008632, 0.148455, 0.039079, 0.047332, 0.0, 0.203507, 0.002532, 0.003126, 0.015726, 0.017505, 0.382849, 0.053123, 0.002169, 0.015886, 0.076218, 0.042095, 0.015413, 0.436421, 0.067925, 0.643365, 0.017175, 0.014252, 0.056044, 0.078377, 0.067287, 0.009639, 0.088342, 0.073841, 1.27799, 0.001806, 0.065615, 0.013524, 0.116542, 0.037054, 0.394211, 0.000681, 0.009772, 0.011128, 0.008546, 0.054344, 0.056501, 0.470359, 0.094794, 0.012162, 0.024132, 0.046825, 0.136444, 0.010779, 0.041827, 0.230138, 0.059993, 0.022897, 0.075631, 0.036638, 0.059939, 0.018773, 0.436635, 1085.15, 0.037841, 0.043828, 0.061692, 42.2497, 0.049829, 0.231777, 0.719524, 0.046804, 0.002002, 0.050064, 0.012332, 0.062563, 0.011639, 0.012849, 0.085678, 0.039897, 0.103269, 0.070724, 0.062246, 10.7708, 1.28312, 0.017463, 0.059325, 0.485396, 0.049013, 0.001584, 0.01572, 0.240833, 0.029655, 0.100117, 0.062631, 0.128737, 0.034387, 0.403033, 0.000584, 0.002179, 0.022558, 0.002862, 0.047007, 0.02293, 0.08167, 0.075099, 0.068979, 0.095042, 0.232428, 0.03246, 5.01299, 0.045996, 0.095777], "map": {"vgasim_imgfifo-p105.10.cnf.minisat.log": 0.071326, "pdtvisgray0.10.cnf.minisat.log": 0.000565, "zipcpu-zipmmu-p39.10.cnf.minisat.log": 0.114559, "qspiflash_qflexpress_divfive-p036.10.cnf.minisat.log": 0.052963, "bob9234specand.10.cnf.minisat.log": 0.006777, "vcegar_QF_BV_itc99_b13_p10.10.cnf.minisat.log": 0.000813, "picorv32-check-p20.10.cnf.minisat.log": 0.46179, "oski15a14b32s.10.cnf.minisat.log": 1.09668, "pdtvisretherrtf1.10.cnf.minisat.log": 0.013221, "qspiflash_qflexpress_divfive-p017.10.cnf.minisat.log": 0.039808, "neclaftp4001.10.cnf.minisat.log": 0.045804, "beemcycschd3b1.10.cnf.minisat.log": 0.057747, "pdtvsarmultip30.10.cnf.minisat.log": 0.015848, "cal161.10.cnf.minisat.log": 1.08986, "6s372rb26.10.cnf.minisat.log": 0.102745, "eijks713.10.cnf.minisat.log": 0.073654, "neclaftp2001.10.cnf.minisat.log": 0.226904, "zipversa_composecrc_prf-p07.10.cnf.minisat.log": 0.058729, "nusmvtcasp2.10.cnf.minisat.log": 0.087574, "pdtpmstwo.10.cnf.minisat.log": 0.014206, "beemlup1b1.10.cnf.minisat.log": 0.024671, "nusmvguidancep8.10.cnf.minisat.log": 0.077414, "qspiflash_dualflexpress_divfive-p143.10.cnf.minisat.log": 0.056032, "power2eq65536.10.cnf.minisat.log": 0.001717, "6s421rb083.10.cnf.minisat.log": 1.17203, "oski15a14b14s.10.cnf.minisat.log": 0.388181, "vcegar_QF_BV_ar.10.cnf.minisat.log": 0.194847, "zipversa_composecrc_prf-p00.10.cnf.minisat.log": 0.023154, "6s159.10.cnf.minisat.log": 0.020516, "bobuns2p10d100l.10.cnf.minisat.log": 0.886042, "kenflashp09.10.cnf.minisat.log": 0.186732, "texasparsesysp2.10.cnf.minisat.log": 0.204593, "qspiflash_dualflexpress_divfive-p022.10.cnf.minisat.log": 0.057876, "139463p0.10.cnf.minisat.log": 0.132329, "pdtvisblackjack1.10.cnf.minisat.log": 0.023984, "shift1add256.10.cnf.minisat.log": 0.0, "nusmvreactorp5.10.cnf.minisat.log": 0.021301, "dspfilters_fastfir_second-p07.10.cnf.minisat.log": 1.12488, "zipcpu-pfcache-p20.10.cnf.minisat.log": 0.43364, "gen35.10.cnf.minisat.log": 0.444341, "139464p0.10.cnf.minisat.log": 0.179898, "pdtpmsrotate32.10.cnf.minisat.log": 0.063359, "qspiflash_qflexpress_divfive-p048.10.cnf.minisat.log": 0.055365, "bobunr2p10d40l.10.cnf.minisat.log": 0.273916, "kenflashp13.10.cnf.minisat.log": 0.008632, "gen39.10.cnf.minisat.log": 0.148455, "vgasim_imgfifo-p066.10.cnf.minisat.log": 0.039079, "pdtvisvsa16a16.10.cnf.minisat.log": 0.047332, "neclaftp5001.10.cnf.minisat.log": 0.0, "6s391rb379.10.cnf.minisat.log": 0.203507, "paper_v3.10.cnf.minisat.log": 0.002532, "power2sum128.10.cnf.minisat.log": 0.003126, "pdtvisvsar22.10.cnf.minisat.log": 0.015726, "bobtuintorneg.10.cnf.minisat.log": 0.017505, "beemfwt2b2.10.cnf.minisat.log": 0.382849, "qspiflash_dualflexpress_divthree-p143.10.cnf.minisat.log": 0.053123, "nusmvsyncarb5p2.10.cnf.minisat.log": 0.002169, "pdtvsarmultip13.10.cnf.minisat.log": 0.015886, "eijks1238.10.cnf.minisat.log": 0.076218, "zipversa_composecrc_prf-p11.10.cnf.minisat.log": 0.042095, "bobtuintand.10.cnf.minisat.log": 0.015413, "zipcpu-pfcache-p27.10.cnf.minisat.log": 0.436421, "marlann_compute_cp_fail1-p2.10.cnf.minisat.log": 0.067925, "mentorbm1p09.10.cnf.minisat.log": 0.643365, "bobmiterbm1and.10.cnf.minisat.log": 0.017175, "kenflashp07.10.cnf.minisat.log": 0.014252, "visprodcellp01.10.cnf.minisat.log": 0.056044, "beemmcs6f1.10.cnf.minisat.log": 0.078377, "nusmvguidancep6.10.cnf.minisat.log": 0.067287, "bj08amba2g1.10.cnf.minisat.log": 0.009639, "139462p0.10.cnf.minisat.log": 0.088342, "marlann_compute_cp_pass-p2.10.cnf.minisat.log": 0.073841, "pj2002.10.cnf.minisat.log": 1.27799, "pdtpmsarbiter.10.cnf.minisat.log": 0.001806, "qspiflash_dualflexpress_divthree-p046.10.cnf.minisat.log": 0.065615, "eijks344.10.cnf.minisat.log": 0.013524, "139454p0.10.cnf.minisat.log": 0.116542, "pdtpmsblackjack.10.cnf.minisat.log": 0.037054, "frogs.5.prop1-func-interl.10.cnf.minisat.log": 0.394211, "shift1add262144.10.cnf.minisat.log": 0.000681, "bjrb07amba1andenv.10.cnf.minisat.log": 0.009772, "eijks349.10.cnf.minisat.log": 0.011128, "pdtvishuffman1.10.cnf.minisat.log": 0.008546, "pdtvisvsa16a10.10.cnf.minisat.log": 0.054344, "nusmvtcastp3.10.cnf.minisat.log": 0.056501, "picorv32-check-p09.10.cnf.minisat.log": 0.470359, "pdtswvtms12x8p1.10.cnf.minisat.log": 0.094794, "pdtpmsusbphy.10.cnf.minisat.log": 0.012162, "pdtvisminmaxr1.10.cnf.minisat.log": 0.024132, "6s515rb1.10.cnf.minisat.log": 0.046825, "zipcpu-zipmmu-p31.10.cnf.minisat.log": 0.136444, "6s164.10.cnf.minisat.log": 0.010779, "pdtvsar8multip23.10.cnf.minisat.log": 0.041827, "mentorbm1or.10.cnf.minisat.log": 0.230138, "zipversa_composecrc_prf-p17.10.cnf.minisat.log": 0.059993, "pdtvisblackjack0.10.cnf.minisat.log": 0.022897, "eijks1196.10.cnf.minisat.log": 0.075631, "pdtvsar8multip16.10.cnf.minisat.log": 0.036638, "qspiflash_qflexpress_divfive-p064.10.cnf.minisat.log": 0.059939, "neclatcas1a001.10.cnf.minisat.log": 0.018773, "beemfwt3f3.10.cnf.minisat.log": 0.436635, "gen44.10.cnf.minisat.log": 1085.15, "viselevatorp3.10.cnf.minisat.log": 0.037841, "6s362rb1.10.cnf.minisat.log": 0.043828, "qspiflash_dualflexpress_divfive-p128.10.cnf.minisat.log": 0.061692, "pdtpmsam2901.10.cnf.minisat.log": 42.2497, "139443p0.10.cnf.minisat.log": 0.049829, "neclaftp2002.10.cnf.minisat.log": 0.231777, "zipcpu-pfcache-p13.10.cnf.minisat.log": 0.719524, "neclaftp4002.10.cnf.minisat.log": 0.046804, "power2sum32.10.cnf.minisat.log": 0.002002, "139452p0.10.cnf.minisat.log": 0.050064, "miim.10.cnf.minisat.log": 0.012332, "zipcpu-busdelay-p43.10.cnf.minisat.log": 0.062563, "nusmvreactorp1.10.cnf.minisat.log": 0.011639, "kenflashp04.10.cnf.minisat.log": 0.012849, "vgasim_imgfifo-p082.10.cnf.minisat.log": 0.085678, "pdtvsar8multip13.10.cnf.minisat.log": 0.039897, "gen10.10.cnf.minisat.log": 0.103269, "139444p0.10.cnf.minisat.log": 0.070724, "nusmvtcasp3.10.cnf.minisat.log": 0.062246, "gen31.10.cnf.minisat.log": 10.7708, "oski15a14b16s.10.cnf.minisat.log": 1.28312, "pdtvsarmultip08.10.cnf.minisat.log": 0.017463, "qspiflash_dualflexpress_divthree-p158.10.cnf.minisat.log": 0.059325, "zipcpu-pfcache-p28.10.cnf.minisat.log": 0.485396, "pdtvsarmultip29.10.cnf.minisat.log": 0.049013, "power2sum256.10.cnf.minisat.log": 0.001584, "kenflashp08.10.cnf.minisat.log": 0.01572, "bobsynth09neg.10.cnf.minisat.log": 0.240833, "pdtvisminmax0.10.cnf.minisat.log": 0.029655, "pdtvisvsa16a27.10.cnf.minisat.log": 0.100117, "qspiflash_dualflexpress_divfive-p164.10.cnf.minisat.log": 0.062631, "kenflashp03.10.cnf.minisat.log": 0.128737, "marlann_compute_cp_fail2-p0.10.cnf.minisat.log": 0.034387,