{"data": [0.077496, 0.029855, 0.082009, 0.049482, 0.023586, 0.142879, 0.116181, 1.84793, 0.014799, 0.100571, 0.215999, 0.002805, 0.089329, 123.999, 0.131206, 0.022236, 0.159513, 0.150199, 0.001656, 0.222939, 8.5668, 0.08617, 0.140527, 0.878609, 0.216224, 0.104882, 0.01896, 0.051762, 0.135124, 0.093436, 5.35124, 0.300228, 0.012265, 0.150644, 0.201579, 0.829985, 0.004039, 0.062574, 3.44203, 0.457578, 0.016444, 0.002028, 0.18905, 0.031584, 0.054808, 0.085183, 0.393546, 1.41657, 0.045712, 0.137203, 0.142697, 0.035443, 0.017383, 0.0, 0.002547, 0.165593, 0.004491, 0.096343, 0.131296, 0.588588, 0.098048, 0.320701, 0.215559, 0.157442, 0.106002, 0.000975, 6.12337, 0.06038, 0.035034, 0.002319, 0.136937, 0.029757, 1.41854, 0.23594, 0.298962, 0.241203, 0.272077, 0.066085, 0.873004, 0.127473, 0.100208, 0.092916, 0.142472, 0.210659, 0.232771, 25.699, 0.460137, 0.036339, 0.094865, 0.748002, 1.85227, 0.0853, 0.211487, 0.266384, 0.9501, 0.025266, 0.031241, 0.059648, 0.004164, 0.044516, 0.163967, 0.034254, 0.095129, 0.171039, 0.350501, 0.01545, 0.116503, 1.1017, 0.232666, 0.026142, 0.031311, 0.025251, 1.36792, 0.148101, 0.02299, 0.050664, 0.084441, 0.001969, 0.265754, 0.58484, 0.005002, 0.045187, 0.153546, 0.278225, 0.331901, 0.046733, 0.0765, 0.041006, 0.134302, 0.113563, 0.269199, 0.001937, 0.031653, 0.139155, 0.001835, 0.13288, 0.002945, 0.018913], "map": {"6s362rb1.20.cnf.minisat.log": 0.077496, "bobtuintand.20.cnf.minisat.log": 0.029855, "zipversa_composecrc_prf-p11.20.cnf.minisat.log": 0.082009, "pdtvisblackjack1.20.cnf.minisat.log": 0.049482, "kenflashp07.20.cnf.minisat.log": 0.023586, "marlann_compute_cp_fail1-p2.20.cnf.minisat.log": 0.142879, "qspiflash_qflexpress_divfive-p048.20.cnf.minisat.log": 0.116181, "zipcpu-pfcache-p28.20.cnf.minisat.log": 1.84793, "bj08amba2g1.20.cnf.minisat.log": 0.014799, "139452p0.20.cnf.minisat.log": 0.100571, "gen10.20.cnf.minisat.log": 0.215999, "power2eq65536.20.cnf.minisat.log": 0.002805, "139443p0.20.cnf.minisat.log": 0.089329, "gen31.20.cnf.minisat.log": 123.999, "qspiflash_dualflexpress_divthree-p143.20.cnf.minisat.log": 0.131206, "eijks349.20.cnf.minisat.log": 0.022236, "eijks1196.20.cnf.minisat.log": 0.159513, "marlann_compute_cp_pass-p2.20.cnf.minisat.log": 0.150199, "shift1add262144.20.cnf.minisat.log": 0.001656, "vgasim_imgfifo-p066.20.cnf.minisat.log": 0.222939, "cal37.20.cnf.minisat.log": 8.5668, "pdtpmsblackjack.20.cnf.minisat.log": 0.08617, "beemcycschd3b1.20.cnf.minisat.log": 0.140527, "zipcpu-pfcache-p02.20.cnf.minisat.log": 0.878609, "139454p0.20.cnf.minisat.log": 0.216224, "6s515rb1.20.cnf.minisat.log": 0.104882, "kenflashp13.20.cnf.minisat.log": 0.01896, "beemlup1b1.20.cnf.minisat.log": 0.051762, "qspiflash_dualflexpress_divfive-p164.20.cnf.minisat.log": 0.135124, "neclaftp4001.20.cnf.minisat.log": 0.093436, "6s421rb083.20.cnf.minisat.log": 5.35124, "pdtswvtms12x8p1.20.cnf.minisat.log": 0.300228, "bob9234specand.20.cnf.minisat.log": 0.012265, "qspiflash_dualflexpress_divthree-p046.20.cnf.minisat.log": 0.150644, "nusmvtcasp2.20.cnf.minisat.log": 0.201579, "beemfwt2b2.20.cnf.minisat.log": 0.829985, "pdtpmsarbiter.20.cnf.minisat.log": 0.004039, "pdtvisretherrtf1.20.cnf.minisat.log": 0.062574, "frogs.5.prop1-func-interl.20.cnf.minisat.log": 3.44203, "6s391rb379.20.cnf.minisat.log": 0.457578, "6s164.20.cnf.minisat.log": 0.016444, "vcegar_QF_BV_itc99_b13_p10.20.cnf.minisat.log": 0.002028, "visprodcellp01.20.cnf.minisat.log": 0.18905, "bobmiterbm1and.20.cnf.minisat.log": 0.031584, "139442p0.20.cnf.minisat.log": 0.054808, "qspiflash_qflexpress_divfive-p017.20.cnf.minisat.log": 0.085183, "kenflashp09.20.cnf.minisat.log": 0.393546, "picorv32-check-p09.20.cnf.minisat.log": 1.41657, "zipversa_composecrc_prf-p00.20.cnf.minisat.log": 0.045712, "qspiflash_qflexpress_divfive-p036.20.cnf.minisat.log": 0.137203, "139453p0.20.cnf.minisat.log": 0.142697, "bobtuintorneg.20.cnf.minisat.log": 0.035443, "bjrb07amba1andenv.20.cnf.minisat.log": 0.017383, "pdtvisgray0.20.cnf.minisat.log": 0.0, "shift1add256.20.cnf.minisat.log": 0.002547, "6s4.20.cnf.minisat.log": 0.165593, "bj08aut82.20.cnf.minisat.log": 0.004491, "pdtvisvsa16a16.20.cnf.minisat.log": 0.096343, "139444p0.20.cnf.minisat.log": 0.131296, "bobunr2p10d40l.20.cnf.minisat.log": 0.588588, "pdtpmsrotate32.20.cnf.minisat.log": 0.098048, "zipcpu-zipmmu-p31.20.cnf.minisat.log": 0.320701, "vgasim_imgfifo-p105.20.cnf.minisat.log": 0.215559, "zipversa_composecrc_prf-p07.20.cnf.minisat.log": 0.157442, "pdtvsarmultip29.20.cnf.minisat.log": 0.106002, "neclaftp5001.20.cnf.minisat.log": 0.000975, "beemmcs6f1.20.cnf.minisat.log": 6.12337, "nusmvreactorp5.20.cnf.minisat.log": 0.06038, "pdtvisvsar22.20.cnf.minisat.log": 0.035034, "power2sum128.20.cnf.minisat.log": 0.002319, "qspiflash_dualflexpress_divfive-p128.20.cnf.minisat.log": 0.136937, "pdtvsarmultip08.20.cnf.minisat.log": 0.029757, "zipcpu-pfcache-p13.20.cnf.minisat.log": 1.41854, "marlann_compute_cp_fail2-p0.20.cnf.minisat.log": 0.23594, "gen39.20.cnf.minisat.log": 0.298962, "nusmvguidancep8.20.cnf.minisat.log": 0.241203, "kenflashp03.20.cnf.minisat.log": 0.272077, "pdtvsar8multip13.20.cnf.minisat.log": 0.066085, "zipcpu-pfcache-p20.20.cnf.minisat.log": 0.873004, "beemelev1f1.20.cnf.minisat.log": 0.127473, "6s372rb26.20.cnf.minisat.log": 0.100208, "viselevatorp3.20.cnf.minisat.log": 0.092916, "qspiflash_dualflexpress_divthree-p158.20.cnf.minisat.log": 0.142472, "pdtvisns2p3.20.cnf.minisat.log": 0.210659, "139463p0.20.cnf.minisat.log": 0.232771, "pdtpmsam2901.20.cnf.minisat.log": 25.699, "texasparsesysp2.20.cnf.minisat.log": 0.460137, "neclatcas1a001.20.cnf.minisat.log": 0.036339, "neclaftp4002.20.cnf.minisat.log": 0.094865, "gen35.20.cnf.minisat.log": 0.748002, "bobuns2p10d100l.20.cnf.minisat.log": 1.85227, "kenflashp10.20.cnf.minisat.log": 0.0853, "zipcpu-busdelay-p15.20.cnf.minisat.log": 0.211487, "bobsynthand.20.cnf.minisat.log": 0.266384, "zipcpu-pfcache-p27.20.cnf.minisat.log": 0.9501, "pdtpmstwo.20.cnf.minisat.log": 0.025266, "kenflashp04.20.cnf.minisat.log": 0.031241, "pdtvisminmaxr1.20.cnf.minisat.log": 0.059648, "nusmvsyncarb10p2.20.cnf.minisat.log": 0.004164, "pdtvisblackjack2.20.cnf.minisat.log": 0.044516, "nusmvtcasp3.20.cnf.minisat.log": 0.163967, "miim.20.cnf.minisat.log": 0.034254, "pdtvisvsa16a10.20.cnf.minisat.log": 0.095129, "nusmvtcastp3.20.cnf.minisat.log": 0.171039, "eijks713.20.cnf.minisat.log": 0.350501, "pdtvishuffman1.20.cnf.minisat.log": 0.01545, "zipcpu-busdelay-p43.20.cnf.minisat.log": 0.116503, "beemfwt3f3.20.cnf.minisat.log": 1.1017, "vgasim_imgfifo-p082.20.cnf.minisat.log": 0.232666, "pdtpmsusbphy.20.cnf.minisat.log": 0.026142, "pdtvsarmultip30.20.cnf.minisat.log": 0.031311, "kenflashp08.20.cnf.minisat.log": 0.025251, "picorv32-check-p20.20.cnf.minisat.log": 1.36792, "zipversa_composecrc_prf-p17.20.cnf.minisat.log": 0.148101, "eijks344.20.cnf.minisat.log": 0.02299, "nusmvreactorp6.20.cnf.minisat.log": 0.050664, "pdtvsar8multip23.20.cnf.minisat.log": 0.084441, "shift1add2048.20.cnf.minisat.log": 0.001969, "pdtvisvsa16a27.20.cnf.minisat.log": 0.265754, "bobsynth09neg.20.cnf.minisat.log": 0.58484, "power2sum32.20.cnf.minisat.log": 0.005002, "pdtvisminmax0.20.cnf.minisat.log": 0.045187, "139462p0.20.cnf.minisat.log": 0.153546, "nusmvguidancep6.20.cnf.minisat.log": 0.278225, "139464p0.20.cnf.minisat.log": 0.331901, "pdtvisblackjack0.20.cnf.minisat.log": 0.046733, "pdtvsar8multip16.20.cnf.minisat.log": 0.0765, "6s159.20.cnf.minisat.log": 0.041006, "qspiflash_dualflexpress_divfive-p022.20.cnf.minisat.log": 0.134302, "eijks1238.20.cnf.minisat.log": 0.113563, "zipcpu-zipmmu-p39.20.cnf.minisat.log": 0.269199, "nusmvsyncarb5p2.20.cnf.minisat.log": 0.001937, "pdtvsarmultip13.20.cnf.minisat.log": 0.031653, "qspiflash_qflexpress_divfive-p064.20.cnf.minisat.log": 0.139155, "paper_v3.20.cnf.minisat.log": 0.001835, "qspiflash_dualflexpress_divfive-p143.20.cnf.minisat.log": 0.13288, "power2sum256.20.cnf.minisat.log": 0.002945, "nusmvreactorp1.20.cnf.minisat.log": 0.018913}, "par2": 144.29302472857134, "mem": {}}