{"data": [0.088636, 0.031638, 0.079203, 0.045651, 0.031058, 0.143777, 0.121161, 1.88382, 0.016274, 0.087855, 0.209371, 0.002367, 0.093264, 102.227, 0.122705, 0.019748, 0.109525, 0.137286, 0.00144, 0.259426, 8.5425, 0.072248, 0.139119, 0.84746, 0.19963, 0.093697, 0.021279, 0.040943, 0.133026, 0.088288, 5.46904, 0.314621, 0.009143, 0.17109, 0.196894, 0.809317, 0.004471, 0.057514, 3.40568, 0.461692, 0.017202, 0.003614, 0.171811, 0.034531, 0.057274, 0.083343, 0.382441, 1.42185, 0.043007, 0.144368, 0.139625, 0.033915, 0.018909, 0.00066, 0.001067, 0.158, 0.006417, 0.093112, 0.126651, 0.626521, 0.097398, 0.339254, 0.266326, 0.161402, 0.100746, 0.00177, 6.19589, 0.053205, 0.031861, 0.001601, 0.136211, 0.030743, 1.46627, 0.240475, 0.281513, 0.226164, 0.278142, 0.071924, 0.890847, 0.120259, 0.106074, 0.120023, 0.141322, 0.233704, 0.234875, 25.7779, 0.440998, 0.039204, 0.094598, 0.748227, 1.78721, 0.076821, 0.207541, 0.212616, 0.959298, 0.027748, 0.02639, 0.046121, 0.004494, 0.049788, 0.163134, 0.036935, 0.072595, 0.160578, 0.350477, 0.014276, 0.112206, 1.05954, 0.274986, 0.029521, 0.033446, 0.02675, 1.30861, 0.161862, 0.023225, 0.053264, 0.075539, 0.002137, 0.240245, 0.554274, 0.002997, 0.048315, 0.159467, 0.273375, 0.329062, 0.04244, 0.076318, 0.036956, 0.136109, 0.099182, 0.275537, 0.002863, 0.034325, 0.138274, 0.001901, 0.135032, 0.004206, 0.019247], "map": {"6s362rb1.20.cnf.minisat.log": 0.088636, "bobtuintand.20.cnf.minisat.log": 0.031638, "zipversa_composecrc_prf-p11.20.cnf.minisat.log": 0.079203, "pdtvisblackjack1.20.cnf.minisat.log": 0.045651, "kenflashp07.20.cnf.minisat.log": 0.031058, "marlann_compute_cp_fail1-p2.20.cnf.minisat.log": 0.143777, "qspiflash_qflexpress_divfive-p048.20.cnf.minisat.log": 0.121161, "zipcpu-pfcache-p28.20.cnf.minisat.log": 1.88382, "bj08amba2g1.20.cnf.minisat.log": 0.016274, "139452p0.20.cnf.minisat.log": 0.087855, "gen10.20.cnf.minisat.log": 0.209371, "power2eq65536.20.cnf.minisat.log": 0.002367, "139443p0.20.cnf.minisat.log": 0.093264, "gen31.20.cnf.minisat.log": 102.227, "qspiflash_dualflexpress_divthree-p143.20.cnf.minisat.log": 0.122705, "eijks349.20.cnf.minisat.log": 0.019748, "eijks1196.20.cnf.minisat.log": 0.109525, "marlann_compute_cp_pass-p2.20.cnf.minisat.log": 0.137286, "shift1add262144.20.cnf.minisat.log": 0.00144, "vgasim_imgfifo-p066.20.cnf.minisat.log": 0.259426, "cal37.20.cnf.minisat.log": 8.5425, "pdtpmsblackjack.20.cnf.minisat.log": 0.072248, "beemcycschd3b1.20.cnf.minisat.log": 0.139119, "zipcpu-pfcache-p02.20.cnf.minisat.log": 0.84746, "139454p0.20.cnf.minisat.log": 0.19963, "6s515rb1.20.cnf.minisat.log": 0.093697, "kenflashp13.20.cnf.minisat.log": 0.021279, "beemlup1b1.20.cnf.minisat.log": 0.040943, "qspiflash_dualflexpress_divfive-p164.20.cnf.minisat.log": 0.133026, "neclaftp4001.20.cnf.minisat.log": 0.088288, "6s421rb083.20.cnf.minisat.log": 5.46904, "pdtswvtms12x8p1.20.cnf.minisat.log": 0.314621, "bob9234specand.20.cnf.minisat.log": 0.009143, "qspiflash_dualflexpress_divthree-p046.20.cnf.minisat.log": 0.17109, "nusmvtcasp2.20.cnf.minisat.log": 0.196894, "beemfwt2b2.20.cnf.minisat.log": 0.809317, "pdtpmsarbiter.20.cnf.minisat.log": 0.004471, "pdtvisretherrtf1.20.cnf.minisat.log": 0.057514, "frogs.5.prop1-func-interl.20.cnf.minisat.log": 3.40568, "6s391rb379.20.cnf.minisat.log": 0.461692, "6s164.20.cnf.minisat.log": 0.017202, "vcegar_QF_BV_itc99_b13_p10.20.cnf.minisat.log": 0.003614, "visprodcellp01.20.cnf.minisat.log": 0.171811, "bobmiterbm1and.20.cnf.minisat.log": 0.034531, "139442p0.20.cnf.minisat.log": 0.057274, "qspiflash_qflexpress_divfive-p017.20.cnf.minisat.log": 0.083343, "kenflashp09.20.cnf.minisat.log": 0.382441, "picorv32-check-p09.20.cnf.minisat.log": 1.42185, "zipversa_composecrc_prf-p00.20.cnf.minisat.log": 0.043007, "qspiflash_qflexpress_divfive-p036.20.cnf.minisat.log": 0.144368, "139453p0.20.cnf.minisat.log": 0.139625, "bobtuintorneg.20.cnf.minisat.log": 0.033915, "bjrb07amba1andenv.20.cnf.minisat.log": 0.018909, "pdtvisgray0.20.cnf.minisat.log": 0.00066, "shift1add256.20.cnf.minisat.log": 0.001067, "6s4.20.cnf.minisat.log": 0.158, "bj08aut82.20.cnf.minisat.log": 0.006417, "pdtvisvsa16a16.20.cnf.minisat.log": 0.093112, "139444p0.20.cnf.minisat.log": 0.126651, "bobunr2p10d40l.20.cnf.minisat.log": 0.626521, "pdtpmsrotate32.20.cnf.minisat.log": 0.097398, "zipcpu-zipmmu-p31.20.cnf.minisat.log": 0.339254, "vgasim_imgfifo-p105.20.cnf.minisat.log": 0.266326, "zipversa_composecrc_prf-p07.20.cnf.minisat.log": 0.161402, "pdtvsarmultip29.20.cnf.minisat.log": 0.100746, "neclaftp5001.20.cnf.minisat.log": 0.00177, "beemmcs6f1.20.cnf.minisat.log": 6.19589, "nusmvreactorp5.20.cnf.minisat.log": 0.053205, "pdtvisvsar22.20.cnf.minisat.log": 0.031861, "power2sum128.20.cnf.minisat.log": 0.001601, "qspiflash_dualflexpress_divfive-p128.20.cnf.minisat.log": 0.136211, "pdtvsarmultip08.20.cnf.minisat.log": 0.030743, "zipcpu-pfcache-p13.20.cnf.minisat.log": 1.46627, "marlann_compute_cp_fail2-p0.20.cnf.minisat.log": 0.240475, "gen39.20.cnf.minisat.log": 0.281513, "nusmvguidancep8.20.cnf.minisat.log": 0.226164, "kenflashp03.20.cnf.minisat.log": 0.278142, "pdtvsar8multip13.20.cnf.minisat.log": 0.071924, "zipcpu-pfcache-p20.20.cnf.minisat.log": 0.890847, "beemelev1f1.20.cnf.minisat.log": 0.120259, "6s372rb26.20.cnf.minisat.log": 0.106074, "viselevatorp3.20.cnf.minisat.log": 0.120023, "qspiflash_dualflexpress_divthree-p158.20.cnf.minisat.log": 0.141322, "pdtvisns2p3.20.cnf.minisat.log": 0.233704, "139463p0.20.cnf.minisat.log": 0.234875, "pdtpmsam2901.20.cnf.minisat.log": 25.7779, "texasparsesysp2.20.cnf.minisat.log": 0.440998, "neclatcas1a001.20.cnf.minisat.log": 0.039204, "neclaftp4002.20.cnf.minisat.log": 0.094598, "gen35.20.cnf.minisat.log": 0.748227, "bobuns2p10d100l.20.cnf.minisat.log": 1.78721, "kenflashp10.20.cnf.minisat.log": 0.076821, "zipcpu-busdelay-p15.20.cnf.minisat.log": 0.207541, "bobsynthand.20.cnf.minisat.log": 0.212616, "zipcpu-pfcache-p27.20.cnf.minisat.log": 0.959298, "pdtpmstwo.20.cnf.minisat.log": 0.027748, "kenflashp04.20.cnf.minisat.log": 0.02639, "pdtvisminmaxr1.20.cnf.minisat.log": 0.046121, "nusmvsyncarb10p2.20.cnf.minisat.log": 0.004494, "pdtvisblackjack2.20.cnf.minisat.log": 0.049788, "nusmvtcasp3.20.cnf.minisat.log": 0.163134, "miim.20.cnf.minisat.log": 0.036935, "pdtvisvsa16a10.20.cnf.minisat.log": 0.072595, "nusmvtcastp3.20.cnf.minisat.log": 0.160578, "eijks713.20.cnf.minisat.log": 0.350477, "pdtvishuffman1.20.cnf.minisat.log": 0.014276, "zipcpu-busdelay-p43.20.cnf.minisat.log": 0.112206, "beemfwt3f3.20.cnf.minisat.log": 1.05954, "vgasim_imgfifo-p082.20.cnf.minisat.log": 0.274986, "pdtpmsusbphy.20.cnf.minisat.log": 0.029521, "pdtvsarmultip30.20.cnf.minisat.log": 0.033446, "kenflashp08.20.cnf.minisat.log": 0.02675, "picorv32-check-p20.20.cnf.minisat.log": 1.30861, "zipversa_composecrc_prf-p17.20.cnf.minisat.log": 0.161862, "eijks344.20.cnf.minisat.log": 0.023225, "nusmvreactorp6.20.cnf.minisat.log": 0.053264, "pdtvsar8multip23.20.cnf.minisat.log": 0.075539, "shift1add2048.20.cnf.minisat.log": 0.002137, "pdtvisvsa16a27.20.cnf.minisat.log": 0.240245, "bobsynth09neg.20.cnf.minisat.log": 0.554274, "power2sum32.20.cnf.minisat.log": 0.002997, "pdtvisminmax0.20.cnf.minisat.log": 0.048315, "139462p0.20.cnf.minisat.log": 0.159467, "nusmvguidancep6.20.cnf.minisat.log": 0.273375, "139464p0.20.cnf.minisat.log": 0.329062, "pdtvisblackjack0.20.cnf.minisat.log": 0.04244, "pdtvsar8multip16.20.cnf.minisat.log": 0.076318, "6s159.20.cnf.minisat.log": 0.036956, "qspiflash_dualflexpress_divfive-p022.20.cnf.minisat.log": 0.136109, "eijks1238.20.cnf.minisat.log": 0.099182, "zipcpu-zipmmu-p39.20.cnf.minisat.log": 0.275537, "nusmvsyncarb5p2.20.cnf.minisat.log": 0.002863, "pdtvsarmultip13.20.cnf.minisat.log": 0.034325, "qspiflash_qflexpress_divfive-p064.20.cnf.minisat.log": 0.138274, "paper_v3.20.cnf.minisat.log": 0.001901, "qspiflash_dualflexpress_divfive-p143.20.cnf.minisat.log": 0.135032, "power2sum256.20.cnf.minisat.log": 0.004206, "nusmvreactorp1.20.cnf.minisat.log": 0.019247},