{"data": [0.097023, 0.699331, 1.42444, 0.034876, 0.282838, 0.993387, 0.495455, 0.418564, 0.162091, 0.883149, 0.063136, 0.384441, 0.647497, 0.476118, 0.142551, 0.026418, 0.25314, 0.56468, 2.02669, 0.164771], "map": {"beemelev1f1.60.combined.cnf.minisat.log": 0.097023, "139462p0.60.combined.cnf.minisat.log": 0.699331, "139464p0.60.combined.cnf.minisat.log": 1.42444, "6s159.60.combined.cnf.minisat.log": 0.034876, "6s391rb379.60.combined.cnf.minisat.log": 0.282838, "139463p0.60.combined.cnf.minisat.log": 0.993387, "6s362rb1.60.combined.cnf.minisat.log": 0.495455, "139452p0.60.combined.cnf.minisat.log": 0.418564, "6s515rb1.60.combined.cnf.minisat.log": 0.162091, "139454p0.60.combined.cnf.minisat.log": 0.883149, "6s4.60.combined.cnf.minisat.log": 0.063136, "139443p0.60.combined.cnf.minisat.log": 0.384441, "139453p0.60.combined.cnf.minisat.log": 0.647497, "beemfwt3f3.60.combined.cnf.minisat.log": 0.476118, "beemcycschd3b1.60.combined.cnf.minisat.log": 0.142551, "6s164.60.combined.cnf.minisat.log": 0.026418, "139442p0.60.combined.cnf.minisat.log": 0.25314, "139444p0.60.combined.cnf.minisat.log": 0.56468, "beemfwt2b2.60.combined.cnf.minisat.log": 2.02669, "6s372rb26.60.combined.cnf.minisat.log": 0.164771}, "par2": 0.5120298, "mem": {}}