{"data": [0.052652, 0.128207, 0.263132, 0.063373, 0.044543, 0.051056, 0.056607, 0.034743, 0.005049, 0.032816, 0.087559, 0.028206, 0.008726, 0.04103], "map": {"139442p0.10.combined.cnf.minisat.log": 0.052652, "139462p0.10.combined.cnf.minisat.log": 0.128207, "139464p0.10.combined.cnf.minisat.log": 0.263132, "139463p0.10.combined.cnf.minisat.log": 0.063373, "139453p0.10.combined.cnf.minisat.log": 0.044543, "139454p0.10.combined.cnf.minisat.log": 0.051056, "6s391rb379.10.combined.cnf.minisat.log": 0.056607, "139444p0.10.combined.cnf.minisat.log": 0.034743, "6s164.10.combined.cnf.minisat.log": 0.005049, "6s372rb26.10.combined.cnf.minisat.log": 0.032816, "139452p0.10.combined.cnf.minisat.log": 0.087559, "139443p0.10.combined.cnf.minisat.log": 0.028206, "6s4.10.combined.cnf.minisat.log": 0.008726, "6s362rb1.10.combined.cnf.minisat.log": 0.04103}, "par2": 0.06412135714285712, "mem": {}}