{"data": [0.258467, 0.695565, 1.00063, 0.359014, 15.3635, 0.659133, 5.36416, 1.32733, 0.520054, 0.709832, 0.922912, 0.633235, 142.117, 0.734667, 0.558355, 0.257004, 159.952, 0.161366, 0.771965, 245.556, 0.78607, 839.318, 103.545, 0.062396, 0.558941, 6.43341, 0.698345, 1.99784, 0.556268, 82.8355, 0.734649, 7.20412, 0.528979, 0.985076, 1.74663, 14.7139, 0.754055, 0.605528, 0.619063, 203.143, 71.4969, 1899.64, 2.69161, 1.72506, 0.654565, 0.598658, 0.429677, 1.17483, 49.1963], "map": {"intel020.60.cnf.minisat.log": 0.258467, "qspiflash_dualflexpress_divfive-p133.60.cnf.minisat.log": 0.695565, "qspiflash_dualflexpress_divthree-p141.60.cnf.minisat.log": 1.00063, "eijks386.60.cnf.minisat.log": 0.359014, "qspiflash_dualflexpress_divthree-p012.60.cnf.minisat.log": 15.3635, "qspiflash_dualflexpress_divthree-p069.60.cnf.minisat.log": 0.659133, "eijkbs1512.60.cnf.minisat.log": 5.36416, "qspiflash_dualflexpress_divthree-p076.60.cnf.minisat.log": 1.32733, "qspiflash_dualflexpress_divfive-p127.60.cnf.minisat.log": 0.520054, "qspiflash_dualflexpress_divthree-p136.60.cnf.minisat.log": 0.709832, "neclabakery001.60.cnf.minisat.log": 0.922912, "bobtuint09neg.60.cnf.minisat.log": 0.633235, "zipcpu-busdelay-p36.60.cnf.minisat.log": 142.117, "qspiflash_qflexpress_divfive-p113.60.cnf.minisat.log": 0.734667, "bobtuint18neg.60.cnf.minisat.log": 0.558355, "nusmvreactorp4.60.cnf.minisat.log": 0.257004, "zipcpu-busdelay-p46.60.cnf.minisat.log": 159.952, "kenoopp1.60.cnf.minisat.log": 0.161366, "qspiflash_dualflexpress_divfive-p050.60.cnf.minisat.log": 0.771965, "pdtvisgoodbakery0.60.cnf.minisat.log": 245.556, "qspiflash_dualflexpress_divfive-p136.60.cnf.minisat.log": 0.78607, "pdtpmsns2.60.cnf.minisat.log": 839.318, "cal21.60.cnf.minisat.log": 103.545, "pdtvistwoall3.60.cnf.minisat.log": 0.062396, "qspiflash_dualflexpress_divthree-p106.60.cnf.minisat.log": 0.558941, "qspiflash_dualflexpress_divthree-p005.60.cnf.minisat.log": 6.43341, "qspiflash_qflexpress_divfive-p029.60.cnf.minisat.log": 0.698345, "beemtrngt4b1.60.cnf.minisat.log": 1.99784, "bobtuint20neg.60.cnf.minisat.log": 0.556268, "beemszmsk1f1.60.cnf.minisat.log": 82.8355, "qspiflash_dualflexpress_divthree-p164.60.cnf.minisat.log": 0.734649, "qspiflash_dualflexpress_divfive-p007.60.cnf.minisat.log": 7.20412, "qspiflash_dualflexpress_divfive-p161.60.cnf.minisat.log": 0.528979, "vgasim_imgfifo-p099.60.cnf.minisat.log": 0.985076, "kenflashp11.60.cnf.minisat.log": 1.74663, "qspiflash_dualflexpress_divthree-p007.60.cnf.minisat.log": 14.7139, "qspiflash_dualflexpress_divthree-p124.60.cnf.minisat.log": 0.754055, "qspiflash_qflexpress_divfive-p104.60.cnf.minisat.log": 0.605528, "qspiflash_qflexpress_divfive-p038.60.cnf.minisat.log": 0.619063, "zipcpu-busdelay-p00.60.cnf.minisat.log": 203.143, "eijks444.60.cnf.minisat.log": 71.4969, "bobsmoci.60.cnf.minisat.log": 1899.64, "vis4arbitp1.60.cnf.minisat.log": 2.69161, "eijks420.60.cnf.minisat.log": 1.72506, "qspiflash_dualflexpress_divfive-p092.60.cnf.minisat.log": 0.654565, "qspiflash_dualflexpress_divthree-p161.60.cnf.minisat.log": 0.598658, "qspiflash_qflexpress_divfive-p122.60.cnf.minisat.log": 0.429677, "vgasim_imgfifo-p064.60.cnf.minisat.log": 1.17483, "zipcpu-zipmmu-p26.60.cnf.minisat.log": 49.1963}, "par2": 2030.7107632622947, "mem": {}}